,"Logit(1, 1, 0, 0)","XGBoost(1, 1, 0, 0)","Logit(1, 1, 1, 1)","XGBoost(1, 1, 1, 1)"
0,0.30962985748793764,0.3045831497569667,0.2716755615840313,0.3446793741743496
1,0.2680344533254667,0.4170676303159283,0.4032060599604227,0.4110313693915401
2,0.3633789065322965,0.35378568815082784,0.38458174095775366,0.3312824165185884
3,0.31117076971488017,0.5255243207883971,0.4047956960789365,0.4828909078155861
