,"Logit(1, 1, 0, 0)","XGBoost(1, 1, 0, 0)"
0,0.09839811922309377,0.061967386410446856
1,0.07152000707706735,0.06617399252408301
2,0.08933024282102024,0.074790520390997
3,0.08600084349370933,0.08777930712603296
