,"Logit(1, 1, 0, 0)","XGBoost(1, 1, 0, 0)"
0,0.728556726640406,0.7067619913356101
1,0.6974424489595361,0.7212981844090116
2,0.7187207058174799,0.7029059829059828
3,0.6964460987041632,0.7230907085745796
