,"Logit(1, 1, 0, 0)","XGBoost(1, 1, 0, 0)"
0,5.7705782976201805,6.448844270411777
1,4.004632920036546,3.888953716637706
2,6.690964145220696,6.746730610979619
3,4.143170109275622,4.656526590239149
