,"Logit(1, 1, 1, 1)","XGBoost(1, 1, 1, 1)"
0,0.0,1.265293082568772
1,0.0,2.3935792886086515
2,0.0,1.6309297535714575
3,0.0,1.0
