,"Logit(1, 1, 1, 1)","XGBoost(1, 1, 1, 1)"
0,0.9505208333333333,0.9388020833333334
1,0.89453125,0.9231770833333334
2,0.9710526315789474,0.9723684210526317
3,0.9255952380952381,0.9523809523809523
