,"Logit(1, 1, 1, 1)","XGBoost(1, 1, 1, 1)"
0,8.841522821360607,9.852370519099662
1,9.788012017751164,9.825872680269079
2,7.887435189836637,9.250904942916392
3,8.826948658063307,9.309748789013602
