,"Logit(1, 1, 1, 1)","XGBoost(1, 1, 1, 1)"
0,0.7143890567716822,0.7258897105591452
1,0.694974708388953,0.6968746502441807
2,0.6842845326716295,0.7600523848910945
3,0.6651640474221119,0.7381803143093465
