,"Logit(1, 1, 1, 1)","XGBoost(1, 1, 1, 1)"
0,0.9347577639751554,0.9856397515527952
1,0.9608447204968944,0.999552795031056
2,0.947903694479037,0.9754566210045663
3,0.9635324675324676,0.996
