,"Logit(1, 1, 1, 1)","XGBoost(1, 1, 1, 1)"
0,0.20565821899959857,0.2701146516951118
1,0.1559518236090207,0.2205545057731499
2,0.13103246445708122,0.1901135564608334
3,0.21119570153484699,0.2528094362923473
