,"Logit(1, 1, 0, 0)","XGBoost(1, 1, 0, 0)","Logit(1, 1, 1, 1)","XGBoost(1, 1, 1, 1)"
0,0.0,0.0,0.0,1.936818925352381
1,0.0,0.0,0.0,2.4098726992225874
2,0.0,0.0,0.0,2.7188434944168542
3,0.0,0.0,0.0,1.2789429456511299
