,"Logit(1, 1, 0, 0)","XGBoost(1, 1, 0, 0)","Logit(1, 1, 1, 1)","XGBoost(1, 1, 1, 1)"
0,0.2465848282972839,0.22543079657652226,0.2371589668034724,0.32438554344550363
1,0.27945147448827984,0.2937315420825593,0.39148993003920524,0.3775596439555179
2,0.31401123345261917,0.2455088446678714,0.29222161989977047,0.2789482653096529
3,0.30905926064109557,0.27936580564270497,0.32169143633630254,0.28653452781487226
