,"Logit(1, 1, 0, 0)","XGBoost(1, 1, 0, 0)","Logit(1, 1, 1, 1)","XGBoost(1, 1, 1, 1)"
0,0.2873756845367947,0.35226134228843464,0.3447384493716644,0.3707788201983398
1,0.30283047002039437,0.2979836100988799,0.2935140822046458,0.2974883171759568
2,0.25527009753479324,0.33110880531021963,0.2543107170993872,0.34066099379038456
3,0.3088403312610282,0.3068350651922951,0.2969954927410617,0.2927880703131089
