,"Logit(1, 1, 0, 0)","XGBoost(1, 1, 0, 0)","Logit(1, 1, 1, 1)","XGBoost(1, 1, 1, 1)"
0,0.7416066599823777,0.8061556223984445,0.7238629113116398,0.7896271989791268
1,0.7795074490726664,0.8810732745515354,0.7757221039829736,0.8885527515962299
2,0.7763301915475829,0.800456065673457,0.7705077531164488,0.802097902097902
3,0.7477576771055032,0.7439039221647917,0.7275235633931287,0.781179689875342
