,"Logit(1, 1, 0, 0)","XGBoost(1, 1, 0, 0)","Logit(1, 1, 1, 1)","XGBoost(1, 1, 1, 1)"
0,4.328679181647447,4.430373540400765,4.452640824320922,5.673524345799348
1,4.853089373646717,4.986906055770106,6.121002274327781,6.291485431503836
2,5.714807117270203,4.294777644466649,5.174830601505011,5.196375556430455
3,5.620956185324202,5.328035033215509,5.6568154527195915,5.045864195269219
