,"Logit(1, 1, 0, 0)","XGBoost(1, 1, 0, 0)","Logit(1, 1, 1, 1)","XGBoost(1, 1, 1, 1)"
0,0.0,0.6309297535714575,0.0,1.0
1,1.6309297535714575,0.6309297535714575,0.8154648767857288,0.43067655807339306
2,0.0,0.0,0.0,0.0
3,0.0,0.8175293653079347,0.0,0.9306765580733931
