,"Logit(1, 1, 0, 0)","XGBoost(1, 1, 0, 0)","Logit(1, 1, 1, 1)","XGBoost(1, 1, 1, 1)"
0,8.106701503678806,7.667065158031821,7.900611136407656,8.32932942447797
1,7.56402057160173,7.6349036774428445,7.617601951646478,8.30983993414736
2,7.5104840838252525,7.603225737717407,7.428795648701715,7.660145669196446
3,7.2182635336670895,7.605812155904559,7.4143137796472205,8.115490872351138
