,"Logit(1, 1, 0, 0)","XGBoost(1, 1, 0, 0)","Logit(1, 1, 1, 1)","XGBoost(1, 1, 1, 1)"
0,0.9869424580571073,0.9812600939740405,0.9800316601927977,0.9858238284127354
1,0.9702133402875953,0.9687904616806439,0.9680172575501783,0.9751545264467839
2,0.9889749783823105,0.9863076528908228,0.9877957277040412,0.9819864025877174
3,0.9781489767626995,0.9733930850844805,0.9726061554369062,0.9860502994450315
