,"Logit(1, 1, 0, 0)","XGBoost(1, 1, 0, 0)","Logit(1, 1, 1, 1)","XGBoost(1, 1, 1, 1)"
0,0.15602636645739676,0.14597923876396587,0.14601581369843344,0.13381174719622968
1,0.09835434655472945,0.10546925055241158,0.07864333706972912,0.10404792830939129
2,0.14349573096775028,0.13440111495423407,0.10363749527154549,0.1431501362124921
3,0.11776915691604839,0.12180846845680425,0.11331105957482228,0.11495443182939974
