,"Logit(1, 1, 1, 1)","XGBoost(1, 1, 1, 1)"
0,1.8788431672634112,0.9731297830590424
1,2.2685418879359345,2.3192872347605866
2,2.4180648854643407,3.1006790293205624
3,2.825558160029899,2.8927476424367193
