,"Logit(1, 1, 0, 0)","XGBoost(1, 1, 0, 0)"
0,0.568029193029193,0.44260083419332646
1,0.3807194827383056,0.2621799895506792
2,0.5099986064659977,0.8706845238095238
3,0.7865914786967418,0.7077682685977615
