,"Logit(1, 1, 0, 0)","XGBoost(1, 1, 0, 0)"
0,0.5538682864450128,0.5455931536494196
1,0.7846129254377335,0.6606703718276608
2,0.624171958517977,0.5279478276760017
3,0.5437891178217369,0.6161770752432729
