,"Logit(1, 1, 0, 0)","XGBoost(1, 1, 0, 0)"
0,0.5472666300252508,0.5360248843007464
1,0.5083989526273078,0.5265758140596469
2,0.551851922296612,0.5738328007709474
3,0.4992613866910124,0.4194253715256644
