,"Logit(1, 1, 0, 0)","XGBoost(1, 1, 0, 0)"
0,0.2010023916600408,0.19795597034906168
1,0.22189682076141717,0.2643127330437694
2,0.36151019203451185,0.29179435379990104
3,0.2995943031727208,0.36270121168779484
