,"Logit(1, 1, 0, 0)","XGBoost(1, 1, 0, 0)"
0,0.501544588483583,0.6349282471332581
1,0.45324909688014986,0.6522229466886988
2,0.5600627646943198,0.6081116646964765
3,0.40295784271003976,0.5785504342818251
