,"Logit(1, 1, 0, 0)","XGBoost(1, 1, 0, 0)"
0,0.09716255520524078,0.08550396067216305
1,0.09300056224515454,0.05303642624143047
2,0.06750340616048178,0.058373541569099234
3,0.08211680345450796,0.09211346059946487
