,"Logit(1, 1, 0, 0)","XGBoost(1, 1, 0, 0)"
0,0.7201388287273672,0.7449265788789743
1,0.723687155274481,0.8113142164082128
2,0.7616123769095267,0.7576020098761154
3,0.7379110498366013,0.8162165908029879
