,"Logit(1, 1, 0, 0)","XGBoost(1, 1, 0, 0)"
0,0.8937317008251265,0.9089033803566675
1,0.9143931328187384,0.9357532605802503
2,0.9155576257652382,0.9360527016236359
3,0.9165557625765238,0.9338900718658504
