,"Logit(1, 1, 0, 0)","XGBoost(1, 1, 0, 0)"
0,0.7165714285714284,0.7626666666666667
1,0.7828571428571428,0.8773333333333333
2,0.772952380952381,0.7314285714285714
3,0.8201904761904761,0.7318095238095239
