,"Logit(1, 1, 0, 0)","XGBoost(1, 1, 0, 0)"
0,0.0,0.38685280723454163
1,1.4306765580733931,0.43067655807339306
2,0.0,0.0
3,0.0,0.6164948724497099
