,"Logit(1, 1, 1, 1)","XGBoost(1, 1, 1, 1)"
0,0.5595302358460253,0.4714896214896215
1,0.403702080965012,0.35063224153297684
2,0.8772321428571428,0.8001925770308124
3,0.7432282003710575,0.8142857142857143
