,"Logit(1, 1, 1, 1)","XGBoost(1, 1, 1, 1)"
0,0.29461055318388735,0.28806426781097966
1,0.4062840462920119,0.35914267455236604
2,0.38731641134698347,0.4051678788428786
3,0.4475976473672273,0.478596553260029
