,"Logit(1, 1, 0, 0)","XGBoost(1, 1, 0, 0)","Logit(1, 1, 1, 1)","XGBoost(1, 1, 1, 1)"
0,0.9815513626834381,0.9853249475890986,0.9861635220125786,0.9819706498951782
1,0.9966080135679458,0.9887640449438202,0.9963960144159424,0.9951240195039219
2,0.9936400254398983,0.9900360398558405,0.9953360186559254,0.9942760228959084
3,0.9997880008479966,0.9993640025439898,0.9995760016959931,0.9991520033919864
