,"Logit(1, 1, 1, 1)","XGBoost(1, 1, 1, 1)"
0,0.6339869281045751,0.6274509803921569
1,0.6722727272727274,0.6936363636363636
2,0.7509523809523809,0.6919047619047619
3,0.716190476190476,0.7223809523809523
