,"Logit(1, 1, 0, 0)","XGBoost(1, 1, 0, 0)","Logit(1, 1, 1, 1)","XGBoost(1, 1, 1, 1)"
0,0.9263271939328277,0.9815817984832069,0.9349945828819068,0.9826652221018418
1,0.8873239436619719,0.9144095341278441,0.8927410617551463,0.9490790899241603
2,0.9837486457204767,0.9707475622968581,0.9794149512459371,0.9794149512459371
3,0.9306608884073673,0.9469122426868906,0.9274106175514626,0.9577464788732394
