,"Logit(1, 1, 1, 1)","XGBoost(1, 1, 1, 1)"
0,1.1756985215088704,2.071336318178396
1,2.0917483575848324,1.5273047786775882
2,3.051494927253155,3.0314782336978463
3,3.0687403518202716,2.334832117432053
