,"Logit(1, 1, 1, 1)","XGBoost(1, 1, 1, 1)"
0,0.863685438651482,0.9147598648695713
1,0.8288580085675479,0.9034844843798976
2,0.8571204680806602,0.9269494653989482
3,0.8097788146302236,0.8861509503989821
