,"Logit(1, 1, 1, 1)","XGBoost(1, 1, 1, 1)"
0,3.899690675838169,3.1949048129556235
1,2.680978313548076,2.1574418097806887
2,3.307180390944018,3.1508384655558643
3,2.5826713061581166,2.553696444460154
