,"Logit(1, 1, 1, 1)","XGBoost(1, 1, 1, 1)"
0,0.7730401980431452,0.714723564776612
1,0.6999602145467405,0.6870343628433336
2,0.7155489386002225,0.6939247026740398
3,0.731558797993159,0.6634054529668498
