,"Logit(1, 1, 1, 1)","XGBoost(1, 1, 1, 1)"
0,2.1202170785147487,1.4871369406794797
1,1.6716720638937508,0.671672063893751
2,3.5972573289984546,3.210404521763913
3,2.851115894139333,2.917813498752873
