,"Logit(1, 1, 1, 1)","XGBoost(1, 1, 1, 1)"
0,0.061663645516705244,0.07595884704228338
1,0.058568226704871176,0.0729013252799972
2,0.06859173966473613,0.10734364897317941
3,0.05434560300304783,0.07494645132423858
