,"Logit(1, 1, 1, 1)","XGBoost(1, 1, 1, 1)"
0,3.2299080673970764,3.6598012118208567
1,4.774959730168508,4.162840396881501
2,4.4971507648960305,4.726661896860877
3,4.841781672193988,5.3066667137914285
