,"Logit(1, 1, 1, 1)","XGBoost(1, 1, 1, 1)"
0,0.6895238095238095,0.7367619047619048
1,0.7782857142857142,0.8567619047619048
2,0.7916190476190477,0.7394285714285714
3,0.7942857142857143,0.7226666666666667
