,"Logit(1, 1, 1, 1)","XGBoost(1, 1, 1, 1)"
0,0.004943272236123388,0.03193811029043088
1,0.058393572953099424,0.02381826520394688
2,0.012820001806312795,0.010902578596578696
3,0.027598059116462216,0.08259294794198849
