,"Logit(1, 1, 1, 1)","XGBoost(1, 1, 1, 1)"
0,0.0575362832650532,0.06137410092876599
1,0.05447400216443843,0.05696458306947579
2,0.06576089875076882,0.051482906685303996
3,0.052539770829739985,0.05751626287731158
