,"Logit(1, 1, 1, 1)","XGBoost(1, 1, 1, 1)"
0,2.2169576237864232,2.032308714127596
1,1.5484635989367124,1.70540179400406
2,3.1202755397494113,1.1533454817242628
3,1.6435917475103399,1.901677817982837
