,"Logit(1, 1, 1, 1)","XGBoost(1, 1, 1, 1)"
0,4.432125332416842,6.194963591256798
1,5.695286973386801,7.24720758475998
2,4.408274343365163,6.345811006700162
3,2.1325461211585366,7.0336628626840625
