,"Logit(1, 1, 1, 1)","XGBoost(1, 1, 1, 1)"
0,0.9747862760743189,0.9878490824119457
1,0.9895132793799156,0.9984269919069874
2,0.9661461301721189,0.9637182263763822
3,0.9814202667274592,0.9889433489114329
