,"Logit(1, 1, 1, 1)","XGBoost(1, 1, 1, 1)"
0,0.515123979771788,0.7842321176572188
1,0.7719442613830897,0.9825851964504834
2,0.5230200563681996,0.8432566228286446
3,0.3328733873725797,0.9501606978879704
