,"Logit(1, 1, 1, 1)","XGBoost(1, 1, 1, 1)"
0,7.904710261725794,8.09980029790031
1,7.551292349701542,8.291016684819702
2,7.594153659536302,7.856290471542055
3,7.826383298305496,7.887568177551603
