,"Logit(1, 1, 1, 1)","XGBoost(1, 1, 1, 1)"
0,7.774224452900281,5.761908662843716
1,3.0804981876364743,4.20407137323614
2,5.501686316138127,6.323064864246456
3,5.3073714726244745,4.175304100083461
