,"Logit(1, 1, 0, 0)","XGBoost(1, 1, 0, 0)"
0,3.1300422597876163,3.17253219763668
1,2.9763665262572525,1.391092067075211
2,2.939163485775998,1.9710903870478966
3,3.0709850224401487,3.8140664400452158
