,"Logit(1, 1, 0, 0)","XGBoost(1, 1, 0, 0)"
0,2.102348621967144,1.4463946303571862
1,1.1716720638937508,0.6487982101190621
2,1.9178134987528728,3.6201311827731435
3,2.9484591188793923,2.8046663059874146
