,"Logit(1, 1, 0, 0)","XGBoost(1, 1, 0, 0)"
0,1.2029346442871833,2.5417598270726227
1,2.556192293998898,2.4237910621771848
2,3.8691798498220056,3.869226818248461
3,1.5326650565415598,2.4839026548415943
