,"Logit(1, 1, 0, 0)","XGBoost(1, 1, 0, 0)"
0,6.266111807257132,6.16699998238825
1,4.454027042680962,4.816040191674194
2,6.711482018391476,4.809556881883874
3,4.786379196516322,4.737366723595183
