,"Logit(1, 1, 0, 0)","XGBoost(1, 1, 0, 0)"
0,0.8635374220736253,0.903797931250653
1,0.8398634764740709,0.8876554174067496
2,0.8757183157454812,0.918007522724898
3,0.7961789630886421,0.8904279667382449
