,"Logit(1, 1, 0, 0)","XGBoost(1, 1, 0, 0)"
0,9.308122046415845,11.30623863938581
1,9.415071978775028,10.984581463848562
2,10.218960430718365,11.348213304885524
3,8.275969348222324,10.282994459561298
