,"Logit(1, 1, 0, 0)","XGBoost(1, 1, 0, 0)"
0,0.4965428672227035,0.6498145355913376
1,0.45086412753043015,0.6406361332146776
2,0.5460456591048325,0.6451387345149823
3,0.40560563833988544,0.5738834720490787
