,"Logit(1, 1, 0, 0)","XGBoost(1, 1, 0, 0)"
0,1.4880032627582533,1.783532076016267
1,2.122048196317853,2.386895453489907
2,2.6737165810694825,2.449515403107272
3,2.525463483921735,2.9540593696672177
