,"Logit(1, 1, 0, 0)","XGBoost(1, 1, 0, 0)"
0,0.94921875,0.9270833333333333
1,0.8372395833333334,0.87109375
2,0.9276315789473684,0.980263157894737
3,0.919642857142857,0.9434523809523809
