,"Logit(1, 1, 0, 0)","XGBoost(1, 1, 0, 0)"
0,0.06347907562445827,0.07298022132262014
1,0.07109008960464787,0.07101446192157984
2,0.10168696178559425,0.09271116606229403
3,0.056751253878450404,0.06711595689696777
