,"Logit(1, 1, 0, 0)","XGBoost(1, 1, 0, 0)"
0,2.195327133318712,1.8877708772870627
1,1.4713720105535413,1.933194018538317
2,2.7771025989443796,2.32815739602099
3,1.7186174830028684,1.5999782330362802
