,"Logit(1, 1, 0, 0)","XGBoost(1, 1, 0, 0)"
0,0.061073232352476955,0.055106211431808626
1,0.05306425962523137,0.05720117610487843
2,0.06613132952639957,0.06807283297030751
3,0.053739551856841886,0.04431082861935226
