,"Logit(1, 1, 0, 0)","XGBoost(1, 1, 0, 0)"
0,0.9220372670807454,0.992695652173913
1,0.967552795031056,0.9954782608695653
2,0.9117891241178911,0.9809568285595682
3,0.9834805194805195,0.9847792207792208
