,"Logit(1, 1, 0, 0)","XGBoost(1, 1, 0, 0)"
0,0.6448756605388603,0.8715092242186238
1,0.8548715580122903,0.9226620480968306
2,0.5658374962168207,0.8224550431692224
3,0.5373238124147192,0.9212386113041552
