,"Logit(1, 1, 0, 0)","XGBoost(1, 1, 0, 0)"
0,0.22926430428893008,0.11359554230452198
1,0.237030551980411,0.14848171066415652
2,0.18371523284267163,0.1276391429697174
3,0.21675767136799173,0.12770331739173638
