,"Logit(1, 1, 0, 0)","XGBoost(1, 1, 0, 0)"
0,0.7967978296843178,0.7945567082484726
1,0.7449210794297352,0.7404332675661915
2,0.7715313136456212,0.7886090249490836
3,0.7758945475423371,0.728254938338972
