,"Logit(1, 1, 0, 0)","XGBoost(1, 1, 0, 0)","Logit(1, 1, 1, 1)","XGBoost(1, 1, 1, 1)"
0,0.7946666666666667,0.7691428571428571,0.7948190476190475,0.7756190476190477
1,0.7936761904761904,0.8014476190476191,0.7846095238095239,0.8103619047619047
2,0.7527619047619047,0.7754666666666667,0.754895238095238,0.7779047619047619
3,0.7705142857142857,0.7921523809523809,0.7678476190476191,0.7531428571428571
