,"Logit(1, 1, 0, 0)","XGBoost(1, 1, 0, 0)","Logit(1, 1, 1, 1)","XGBoost(1, 1, 1, 1)"
0,29.130760881443706,37.70535900139085,29.569616157297546,38.18104473348113
1,29.238257464428262,41.90614651635375,29.39650339769018,41.847383078865
2,31.431581095193426,42.52171163428943,32.38133202035453,41.30099970495658
3,27.995053556049466,40.29677382708598,29.805438637754158,38.71417005512867
