,"Logit(1, 1, 0, 0)","XGBoost(1, 1, 0, 0)","Logit(1, 1, 1, 1)","XGBoost(1, 1, 1, 1)"
0,0.9461425056865549,0.9718234311541446,0.8832738186316804,0.9545445394456856
1,0.9861350179569075,0.9899160012658846,0.9024726663141974,0.9969569882498455
2,0.9571791430596214,0.9887644040934188,0.8908327463430064,0.9724845502794974
3,0.953168894746336,0.986337374254562,0.8711266319724519,0.9590902631412341
