,"Logit(1, 1, 0, 0)","XGBoost(1, 1, 0, 0)","Logit(1, 1, 1, 1)","XGBoost(1, 1, 1, 1)"
0,18.323426394702604,18.06551914405144,18.327235876180087,17.276663620405184
1,18.18402546494344,19.145995653790308,18.70258632860813,19.136732142514592
2,19.14766127974548,18.798572744640147,18.802879434561458,18.90439832658026
3,17.33871306659802,16.945013856804522,16.864762666331725,16.96173628092905
