,"Logit(1, 1, 0, 0)","XGBoost(1, 1, 0, 0)"
0,0.3027264708690756,0.30903768860687214
1,0.3679566165791837,0.35978508562637534
2,0.40311338882177894,0.3817852144777991
3,0.30796196547502797,0.48260568106831747
