,"Logit(1, 1, 0, 0)","XGBoost(1, 1, 0, 0)"
0,2.344030972270654,1.8294324540530933
1,1.3494032301965775,1.64769319726288
2,3.047682626519392,2.0175677993807186
3,1.834971154053957,1.7594831051145792
