,"Logit(1, 1, 0, 0)","XGBoost(1, 1, 0, 0)"
0,0.8339275635407586,0.8644540455964779
1,0.7953036246031371,0.940126920666989
2,0.7636807730773393,0.8597584943734837
3,0.7973332953074945,0.830696275966823
