,"Logit(1, 1, 0, 0)","XGBoost(1, 1, 0, 0)"
0,3.863764147926377,5.79823098084026
1,5.476773239067163,7.251767154669594
2,4.54463199520754,6.296240633726558
3,2.629744621275583,6.779103292774449
