,"Logit(1, 1, 1, 1)","XGBoost(1, 1, 1, 1)"
0,0.0,1.5584050907707807
1,0.0,3.173882590629314
2,0.0,2.802601817465209
3,0.0,1.0
