,"Logit(1, 1, 1, 1)","XGBoost(1, 1, 1, 1)"
0,0.5213376048093656,0.7582858724885304
1,0.671373200442968,0.8719348204398037
2,0.3311580446131941,0.8384551495016612
3,0.6638129312547917,0.7139023766930744
