,"Logit(1, 1, 1, 1)","XGBoost(1, 1, 1, 1)"
0,0.011518664515549518,0.13547311058021244
1,0.017213357449755246,0.4218980989596312
2,0.0058083262633417355,0.32421430367037135
3,0.02521640634006595,0.10497062240354603
