,"Logit(1, 1, 1, 1)","XGBoost(1, 1, 1, 1)"
0,1.592094039899553,1.6578773520324723
1,1.6249575017684101,1.606754637618737
2,2.1585654231485196,2.455241986137207
3,2.28142150873155,3.1270132107741024
