,"Logit(1, 1, 1, 1)","XGBoost(1, 1, 1, 1)"
0,0.16074043795930631,0.2288061045484236
1,0.14626583522894684,0.1656806125029453
2,0.2523310729037383,0.3083660118118956
3,0.29247360910187453,0.34699389606223624
