,"Logit(1, 1, 1, 1)","XGBoost(1, 1, 1, 1)"
0,0.8780996633635201,0.9164572566497559
1,0.8312076241050685,0.8801384476791049
2,0.9195994844849806,0.9421036978288887
3,0.9464161792406067,0.9392782789729355
