,"Logit(1, 1, 1, 1)","XGBoost(1, 1, 1, 1)"
0,4.179067139560574,3.365088290249308
1,3.465458075213518,1.6995839298778779
2,3.676378810600397,1.5530743036199022
3,3.142235136261713,3.58646413581668
