,"Logit(1, 1, 1, 1)","XGBoost(1, 1, 1, 1)"
0,0.7913090887657668,0.7310753860662502
1,0.7638821761169398,0.729666686313804
2,0.7202921690081754,0.7099301917686889
3,0.7369430054832675,0.697142698979681
