,"Logit(1, 1, 1, 1)","XGBoost(1, 1, 1, 1)"
0,0.11998567289808663,0.08557530926731707
1,0.09500449491040934,0.05997962726182707
2,0.09536345046265704,0.0525300498246292
3,0.07958904100099536,0.08224572280731185
