,"Logit(1, 1, 1, 1)","XGBoost(1, 1, 1, 1)"
0,0.7327955519095798,0.7826238872178166
1,0.7822134387351778,0.8810732745515354
2,0.7792338096685923,0.7984493767102463
3,0.7278124049863179,0.7635527515962299
