,"Logit(1, 1, 1, 1)","XGBoost(1, 1, 1, 1)"
0,4.474416676079174,4.88675258001219
1,6.906956927330926,4.986906055770106
2,5.693393428609552,5.373420547254764
3,6.057583063901518,5.850639495303689
