,"Logit(1, 1, 1, 1)","XGBoost(1, 1, 1, 1)"
0,0.24220016835027777,0.2443276171527569
1,0.44366449223607196,0.2937315420825593
2,0.3233462354357553,0.2990595978306583
3,0.32890588064008036,0.3308748438292548
