,"Logit(1, 1, 1, 1)","XGBoost(1, 1, 1, 1)"
0,0.7193518359280097,0.7107515962514366
1,0.7158877178040384,0.7163981906875552
2,0.7256492969396194,0.7486145574855252
3,0.6870802315963606,0.7313482216708024
