,"Logit(1, 1, 1, 1)","XGBoost(1, 1, 1, 1)"
0,0.06130613644249092,0.07686274916025301
1,0.07034996264879988,0.07322567348153389
2,0.10428620346603246,0.11381211948324346
3,0.05589306110315083,0.08082621103040293
