,"Logit(1, 1, 1, 1)","XGBoost(1, 1, 1, 1)"
0,0.9822380707265617,2.164639181053774
1,1.905851502170964,2.5832848349760567
2,3.9199761765955,4.378355036673197
3,1.3693913344854902,2.370266806275958
