,"Logit(1, 1, 1, 1)","XGBoost(1, 1, 1, 1)"
0,0.005590443800589321,0.046109661030440646
1,0.15581881539375536,0.03405418153176707
2,0.009026055718132205,0.015491597637209326
3,0.014272042405878895,0.07074931859889166
