,"Logit(1, 1, 1, 1)","XGBoost(1, 1, 1, 1)"
0,0.0,0.6309297535714575
1,1.5,0.6309297535714575
2,0.0,0.0
3,0.0,0.8175293653079347
