,"Logit(1, 1, 1, 1)","XGBoost(1, 1, 1, 1)"
0,0.5737384418650403,0.5617868384812119
1,0.7586686012197521,0.6620843989769822
2,0.5788067065649413,0.5635479007720774
3,0.5507104024852666,0.6605943624651652
