,"Logit(1, 1, 1, 1)","XGBoost(1, 1, 1, 1)"
0,0.9738971845434857,0.9885557961928644
1,0.9876211102245526,0.9968083893764962
2,0.9775675367605152,0.9530149321782743
3,0.9841787301949163,0.9771343896044682
