,"Logit(1, 1, 1, 1)","XGBoost(1, 1, 1, 1)"
0,0.2658809224352745,0.8577224572127924
1,0.6443057900930774,0.980703020655264
2,0.5403430430187822,0.8045895284068909
3,0.25933397199380626,0.9589262187088272
