,"Logit(1, 1, 1, 1)","XGBoost(1, 1, 1, 1)"
0,0.8573913043478261,0.992447204968944
1,0.9532422360248447,0.9995031055900622
2,0.9475923619759236,0.9405873806558738
3,0.9452987012987013,0.9948051948051948
