,"Logit(1, 1, 1, 1)","XGBoost(1, 1, 1, 1)"
0,2.8062568537630765,6.279881917025732
1,5.239265327234878,7.244028489999908
2,4.700765256933859,6.313119677385806
3,1.8755802956896837,7.040268381923512
