,"Logit(1, 1, 1, 1)","XGBoost(1, 1, 1, 1)"
0,0.7521091930633146,0.8358681509686868
1,0.746240125903247,0.8544607725270355
2,0.7371552559534486,0.8145042281116862
3,0.8509715061107229,0.8218223900039592
