,"Logit(1, 1, 1, 1)","XGBoost(1, 1, 1, 1)"
0,7.642946348489311,7.866948801685902
1,7.591693178545952,7.720259318386668
2,7.190376882025917,7.416977245053621
3,8.070868593202919,7.564848543287015
