,"Logit(1, 1, 1, 1)","XGBoost(1, 1, 1, 1)"
0,3.0036853658379083,6.349320417982292
1,2.8071844698645805,4.834561990950931
2,1.2460456594479603,3.9175433286192973
3,3.291755524755739,5.989285325053348
