,"Logit(1, 1, 1, 1)","XGBoost(1, 1, 1, 1)"
0,0.4871283508666966,0.8255097970783267
1,0.4839789932027056,0.8031568363497366
2,0.47674466439584673,0.7998305112635961
3,0.6880584489312337,0.7988678810616907
