,"Logit(1, 1, 1, 1)","XGBoost(1, 1, 1, 1)"
0,0.09172255569682838,0.24814433625158958
1,0.08316819566646932,0.19859642821048873
2,0.06792055432700568,0.18722361280376004
3,0.12621424496185715,0.2511250767663266
