,"Logit(1, 1, 1, 1)","XGBoost(1, 1, 1, 1)"
0,0.908426289182331,0.9300235336034213
1,0.8641032968230875,0.9028589185735969
2,0.9216288960744374,0.9249799377715262
3,0.8968914019402289,0.9023826956136067
