,"Logit(1, 1, 1, 1)","XGBoost(1, 1, 1, 1)"
0,0.9687378471983932,0.9825480049960882
1,0.9602646279698589,0.9679486299646338
2,0.9853457229001104,0.9877511197734373
3,0.9715058264820128,0.9713388326905217
