,"Logit(1, 1, 1, 1)","XGBoost(1, 1, 1, 1)"
0,21.82802532085267,22.269748425752425
1,21.03866766575784,21.66849790123034
2,22.218006557147906,22.338118585379533
3,21.347952758008347,21.68192369748531
