,"Logit(1, 1, 1, 1)","XGBoost(1, 1, 1, 1)"
0,0.15702311198395005,0.14673443931077973
1,0.09701212417056856,0.10708535186911614
2,0.14296467990747888,0.13440111495423407
3,0.11782455842121843,0.10665212933643203
