,"Logit(1, 1, 1, 1)","XGBoost(1, 1, 1, 1)"
0,0.7973260883401222,0.8033541242362525
1,0.7443236061608961,0.754521225814664
2,0.774449465376782,0.7739458693991853
3,0.784515387182541,0.7590174409684823
