,"Logit(1, 1, 1, 1)","XGBoost(1, 1, 1, 1)"
0,6.264868905038053,5.404740830568107
1,4.2155942476941135,4.650368762393028
2,6.680059076719823,5.780856955994697
3,4.492371905156735,4.61234335156131
