,"Logit(1, 1, 1, 1)","XGBoost(1, 1, 1, 1)"
0,0.9053624768858755,0.9092266843677399
1,0.8790479351382106,0.8968754445023944
2,0.9153365718251214,0.9293397442252405
3,0.9570238921383959,0.9202934470110042
