,"Logit(1, 1, 1, 1)","XGBoost(1, 1, 1, 1)"
0,7.777849849818291,10.930176818405727
1,9.265837341426986,11.201090058115936
2,9.470636348119749,11.072941554468509
3,6.08093273492474,10.317515510228406
