,"Logit(1, 1, 1, 1)","XGBoost(1, 1, 1, 1)"
0,0.10300922914773276,0.08186204879015554
1,0.08467247555796056,0.08240973103738601
2,0.10846595463972633,0.07790186894184628
3,0.09267628601950767,0.08878117014376963
