,"Logit(1, 1, 1, 1)","XGBoost(1, 1, 1, 1)"
0,0.763535895320052,0.7572748438052576
1,0.7558484616291405,0.7319550866438761
2,0.7504239189338802,0.7066582951175028
3,0.7371323850757227,0.761508452156888
