,"Logit(1, 1, 1, 1)","XGBoost(1, 1, 1, 1)"
0,3.2178520372863906,3.969137708856014
1,5.037332754812915,4.809238400731125
2,4.200497858778655,4.203489308310029
3,3.4176950216380653,5.852626102192111
