,"Logit(1, 1, 1, 1)","XGBoost(1, 1, 1, 1)"
0,0.7070486204948038,0.6983664867727467
1,0.7064289555506419,0.7173044847909108
2,0.7088888888888889,0.7282506203473945
3,0.6828398125172318,0.7264488558036946
