,"Logit(1, 1, 1, 1)","XGBoost(1, 1, 1, 1)"
0,0.2939970033767567,0.2994173691467557
1,0.43574432622896414,0.4533964832253008
2,0.34786332490056776,0.3767684803214132
3,0.377904263017712,0.5186828769899002
