,"Logit(1, 1, 1, 1)","XGBoost(1, 1, 1, 1)"
0,0.2967487260367916,0.2789349228844151
1,0.18611020001851916,0.2990182707710665
2,0.2947904557410469,0.3277320863002098
3,0.2501196325326212,0.33787321097665923
