,"Logit(1, 1, 1, 1)","XGBoost(1, 1, 1, 1)"
0,0.7299047619047618,0.7474285714285714
1,0.7500952380952381,0.7986666666666667
2,0.814857142857143,0.758095238095238
3,0.7428571428571428,0.7622857142857143
