,"Logit(1, 1, 1, 1)","XGBoost(1, 1, 1, 1)"
0,2.3551057965342803,1.9139464757139597
1,1.4999239216605962,1.402880870858958
2,2.8824923336598713,0.9780421550836661
3,1.881080141099758,1.4691020133312382
