,"Logit(1, 1, 1, 1)","XGBoost(1, 1, 1, 1)"
0,0.05912793516852609,0.05979287253685813
1,0.05405210306583985,0.04861830399203336
2,0.06575134661006549,0.053288136479123054
3,0.05321311991877153,0.0663797526070059
