,"Logit(1, 1, 1, 1)","XGBoost(1, 1, 1, 1)"
0,0.9417639751552795,0.9836024844720497
1,0.9662111801242236,0.999552795031056
2,0.9454130344541303,0.9821502698215027
3,0.9357922077922078,0.9952207792207792
