,"Logit(1, 1, 1, 1)","XGBoost(1, 1, 1, 1)"
0,0.8120917429054364,0.8761063133420396
1,0.7896750625453555,0.9030816260204493
2,0.7510044774006597,0.8459194539663744
3,0.7686224427139939,0.858371171311925
