,"Logit(1, 1, 1, 1)","XGBoost(1, 1, 1, 1)"
0,3.2965367614980807,6.0247464179415635
1,4.319497700662049,7.254946249429666
2,3.3743374585497,6.330242364349606
3,0.8657415421570737,6.804859468556874
