,"Logit(1, 1, 1, 1)","XGBoost(1, 1, 1, 1)"
0,0.1460147901783514,0.16883510455079576
1,0.09819815371447023,0.10108222877589376
2,0.12867445658698137,0.1409026405116325
3,0.10374744594950844,0.11499005596230077
