,"Logit(1, 1, 0, 0)","XGBoost(1, 1, 0, 0)"
0,7.723340677428408,7.828538919583436
1,8.580030956100895,7.411498691233781
2,9.468805361980312,7.873514606740321
3,9.774274827183786,7.936969264583414
