,"Logit(1, 1, 0, 0)","XGBoost(1, 1, 0, 0)"
0,0.26122503391381,0.2681496612083579
1,0.31631675521211144,0.22284773620598097
2,0.34328748822933414,0.2360520117849398
3,0.3619533023976753,0.26940551179837297
