,"Logit(1, 1, 0, 0)","XGBoost(1, 1, 0, 0)"
0,0.7169523809523809,0.7634285714285713
1,0.7786666666666666,0.8935238095238095
2,0.7771428571428572,0.772952380952381
3,0.8217142857142857,0.7916190476190476
