,"Logit(1, 1, 0, 0)","XGBoost(1, 1, 0, 0)"
0,0.822811913638979,0.8608230187834938
1,0.8151082907834513,0.9108895842146129
2,0.7335097343289477,0.8121836530478752
3,0.7933352426560016,0.789549479373683
