,"Logit(1, 1, 0, 0)","XGBoost(1, 1, 0, 0)"
0,0.19704248706511643,0.1979998548268111
1,0.22301743699852222,0.24967104936083595
2,0.3038519491760925,0.34405934871792465
3,0.2887318088984702,0.37757944731705706
