,"Logit(1, 1, 1, 1)","XGBoost(1, 1, 1, 1)"
0,0.11360962926604427,0.08433099701497157
1,0.06721848426066153,0.06840664346857839
2,0.09014695330528161,0.07888566939108188
3,0.0782536570886222,0.06547708645442431
