,"Logit(1, 1, 1, 1)","XGBoost(1, 1, 1, 1)"
0,3.7549519065633135,2.797207526168584
1,2.67515107078267,2.5287629621965415
2,3.6419405554969138,3.7883093692917655
3,3.604135090879988,2.5280249940390114
