,"Logit(1, 1, 0, 0)","XGBoost(1, 1, 0, 0)"
0,3.338772659555663,2.975005806868454
1,2.934130907967641,2.249434846823957
2,3.1755574049137287,2.7615231710072154
3,3.2348093610101176,3.5522191273164863
