,"Logit(1, 1, 0, 0)","XGBoost(1, 1, 0, 0)"
0,0.9518229166666666,0.94921875
1,0.890625,0.90625
2,0.9249999999999999,0.9736842105263157
3,0.96875,0.9345238095238095
