,"Logit(1, 1, 0, 0)","XGBoost(1, 1, 0, 0)","Logit(1, 1, 1, 1)","XGBoost(1, 1, 1, 1)"
0,0.568029193029193,0.44260083419332646,0.5532528235653236,0.5833829365079365
1,0.3807194827383056,0.2621799895506792,0.3848794955044955,0.28388788675553384
2,0.5099986064659977,0.8706845238095238,0.7986111111111112,0.7521645021645021
3,0.7865914786967418,0.7077682685977615,0.792517006802721,0.8139469226425746
