,"Logit(1, 1, 1, 1)","XGBoost(1, 1, 1, 1)"
0,0.2883017353299344,0.24752673945562453
1,0.27000863882216236,0.3324886120441482
2,0.33555770314635974,0.2821262407690033
3,0.34632641205553544,0.32876394653555446
