,"Logit(1, 1, 0, 0)","XGBoost(1, 1, 0, 0)"
0,0.3008160283845404,0.29448796396357824
1,0.47175559883324053,0.3582420640520562
2,0.3565305316450345,0.34348238351449134
3,0.29812442133658607,0.4683848457282005
