,"Logit(1, 1, 0, 0)","XGBoost(1, 1, 0, 0)"
0,0.3115650019866696,0.31884554377761126
1,0.20420414452083574,0.42421754908729087
2,0.23587714440546334,0.3001743350183833
3,0.27604416651539854,0.23928662467936315
