,"Logit(1, 1, 0, 0)","XGBoost(1, 1, 0, 0)"
0,0.5499765017006396,0.5087971260385054
1,0.5103691164536417,0.5099221444512071
2,0.5408503880097383,0.48727477049097173
3,0.5015295318523028,0.5711097585717184
