,"Logit(1, 1, 1, 1)","XGBoost(1, 1, 1, 1)"
0,0.5244740761982141,0.5759281828247346
1,0.5211519197606005,0.5310415715662407
2,0.5455166489145871,0.5313712530432136
3,0.4976922296611889,0.526368178129438
