,"Logit(1, 1, 0, 0)","XGBoost(1, 1, 0, 0)"
0,3.3238179536970653,6.510314225505211
1,5.467531610315575,7.254198722438831
2,4.439445463579586,6.3132620709283325
3,3.952448712366825,6.80045591535538
