,"Logit(1, 1, 1, 1)","XGBoost(1, 1, 1, 1)"
0,0.9594893423002395,0.9790265587598312
1,0.9921349595349367,0.9978342642197652
2,0.9655306052661574,0.9742391428245754
3,0.9740567650746609,0.9761541091986778
