,"Logit(1, 1, 0, 0)","XGBoost(1, 1, 0, 0)","Logit(1, 1, 1, 1)","XGBoost(1, 1, 1, 1)"
0,0.8355512116984843,0.8285996373605485,0.8167110351116278,0.8857739919969781
1,0.8083667963900546,0.8874310156037466,0.828921802940583,0.9384798301219123
2,0.769664134798186,0.808381864011462,0.7828339104684005,0.8354718795433556
3,0.7762832510737873,0.8317751079564714,0.7897805817333157,0.877651079673053
