,"Logit(1, 1, 0, 0)","XGBoost(1, 1, 0, 0)"
0,0.9798244614157072,0.988738173942779
1,0.9907443291918386,0.9977886697822866
2,0.974284737262054,0.954416961130742
3,0.9767924313233786,0.9847486606633991
