,"Logit(1, 1, 1, 1)","XGBoost(1, 1, 1, 1)"
0,0.808304665037975,0.8561599441591464
1,0.7525385983280982,0.8117033122268202
2,0.7309695413930988,0.8032696516430534
3,0.7929933685474979,0.8077372430929227
