,"Logit(1, 1, 1, 1)","XGBoost(1, 1, 1, 1)"
0,0.7967341840631366,0.8084465695010183
1,0.7352015975050917,0.7527272148676172
2,0.7285609725050917,0.7751869590122199
3,0.7621127502384353,0.7674555988403267
