,"Logit(1, 1, 0, 0)","XGBoost(1, 1, 0, 0)"
0,0.15234911938199194,0.16988493086428225
1,0.09845571951840659,0.09994413721274134
2,0.14210264960554503,0.14469933482530892
3,0.1084748977391541,0.09797332039460117
