,"Logit(1, 1, 1, 1)","XGBoost(1, 1, 1, 1)"
0,0.17379907604385145,0.15069928556451279
1,0.08682559492313706,0.1019441891456494
2,0.11598149876793992,0.14552144779959403
3,0.11444718082057721,0.10413396120392843
