,"Logit(1, 1, 1, 1)","XGBoost(1, 1, 1, 1)"
0,3.866047855314126,4.905037388999415
1,6.572077870385401,5.732161162931133
2,5.669877880871032,5.368315909204721
3,6.007402119684981,5.899562065582609
