,"Logit(1, 1, 1, 1)","XGBoost(1, 1, 1, 1)"
0,0.3285600009012058,0.36568140123963444
1,0.3616933393904749,0.3349023846028533
2,0.25019099525818006,0.34380085895586737
3,0.2976380881998817,0.32685729955987397
