,"Logit(1, 1, 1, 1)","XGBoost(1, 1, 1, 1)"
0,0.756963094516157,0.8315537555228277
1,0.7579575644690866,0.8367300528458806
2,0.739084293511219,0.8508637991278987
3,0.7399188842203548,0.8369204452614378
