,"Logit(1, 1, 1, 1)","XGBoost(1, 1, 1, 1)"
0,21.82642650311288,22.128460645609763
1,21.205936374161876,21.78486428648692
2,22.200032606685784,22.417656355358297
3,21.668873928480192,21.827041517229162
