,"Logit(1, 1, 1, 1)","XGBoost(1, 1, 1, 1)"
0,0.0,0.6309297535714575
1,0.0,2.1309297535714578
2,0.0,2.1309297535714578
3,0.0,1.3562071871080221
