,"Logit(1, 1, 1, 1)","XGBoost(1, 1, 1, 1)"
0,0.26791985214964065,0.6244586686331145
1,0.4668488901597325,0.6487435100302587
2,0.449269634317666,0.649412523545942
3,0.3022134242883715,0.5646534080585278
