,"Logit(1, 1, 1, 1)","XGBoost(1, 1, 1, 1)"
0,4.094915991584074,4.16335999969291
1,5.035055654774963,4.5216193103030005
2,3.9981009407141093,4.281039950276754
3,4.091669259341804,5.819211061256891
