,"Logit(1, 1, 1, 1)","XGBoost(1, 1, 1, 1)"
0,0.3218140507825743,0.864245326019085
1,0.648390375012653,0.98456066652664
2,0.38905686185727606,0.8580056009622463
3,0.2136092943341679,0.9214006671609943
