,"Logit(1, 1, 1, 1)","XGBoost(1, 1, 1, 1)"
0,8.254436443022358,9.413679454301509
1,5.936134057917902,8.893385839111447
2,6.91940894052875,9.655835233968515
3,7.6281889643899685,9.129798038811822
