,"Logit(1, 1, 1, 1)","XGBoost(1, 1, 1, 1)"
0,0.7576994715411938,0.810631984752664
1,0.7496336163331312,0.8259623437003667
2,0.775957290132548,0.8421373704120824
3,0.7367566818394025,0.8267134978991596
