,"Logit(1, 1, 1, 1)","XGBoost(1, 1, 1, 1)"
0,0.05868490509652622,0.059322541027893805
1,0.055373252254000596,0.052047812578975866
2,0.06586551871755941,0.062109861055488644
3,0.05293167276857948,0.05835376461165022
