,"Logit(1, 1, 1, 1)","XGBoost(1, 1, 1, 1)"
0,3.4654542192238362,6.973012552807937
1,4.458342869101093,5.526600600802217
2,1.8814628325295002,4.452878356909497
3,4.407572747230841,6.980944244782692
