,"Logit(1, 1, 1, 1)","XGBoost(1, 1, 1, 1)"
0,6.008026820617966,4.976123780743921
1,2.8120859089198635,4.0583493075133745
2,4.663870819183716,6.949561100243485
3,3.660565853672931,3.9448171913916807
