,"Logit(1, 1, 0, 0)","XGBoost(1, 1, 0, 0)"
0,0.9048883409985302,0.9184723341709734
1,0.8670522971883742,0.9153430373144944
2,0.9122137404580153,0.9322395162089819
3,0.9409636165361356,0.9338752850203231
