,"Logit(1, 1, 0, 0)","XGBoost(1, 1, 0, 0)"
0,0.6747413625092793,0.8272653244123742
1,0.8286180161106524,0.9304975970512765
2,0.6111669143576135,0.8030571060966533
3,0.5776627024358325,0.8615807729324934
