,"Logit(1, 1, 0, 0)","XGBoost(1, 1, 0, 0)"
0,6.378109066987496,7.018016523639389
1,4.434880928752957,4.097182813133917
2,6.635617062030522,6.12998503926523
3,4.2751558093712765,3.314362727512377
