,"Logit(1, 1, 0, 0)","XGBoost(1, 1, 0, 0)"
0,0.7970508210285133,0.7917610743380855
1,0.7454716140529531,0.7299007128309573
2,0.7686863543788187,0.756226132892057
3,0.7700661292184858,0.734215425300555
