,"Logit(1, 1, 0, 0)","XGBoost(1, 1, 0, 0)"
0,2.173736552415957,1.4463946303571862
1,0.7868837451814152,1.3562071871080221
2,2.48713694067948,3.637999639320748
3,2.851115894139333,2.48713694067948
