,"Logit(1, 1, 0, 0)","XGBoost(1, 1, 0, 0)"
0,0.25692954423616493,0.2718330024441315
1,0.307251462628802,0.3301855271443463
2,0.3359671309326153,0.31547481739994193
3,0.3606609941584798,0.3217309533372915
