,"Logit(1, 1, 0, 0)","XGBoost(1, 1, 0, 0)"
0,0.005396495294137922,0.030977727333802413
1,0.14100691919799518,0.030381846281473186
2,0.009832336631804604,0.10254462310214356
3,0.012531022795490192,0.04460414377839955
