,"Logit(1, 1, 0, 0)","XGBoost(1, 1, 0, 0)"
0,0.9266583850931678,0.9893664596273292
1,0.9715279503105589,0.9982608695652173
2,0.9549605645496057,0.9869759236197593
3,0.9711688311688312,0.9955324675324676
