,"Logit(1, 1, 0, 0)","XGBoost(1, 1, 0, 0)"
0,0.8378223382376206,0.5
1,0.8642619838633128,0.5
2,0.7972235405790222,0.5
3,0.7294914387937643,0.5
