,"Logit(1, 1, 0, 0)","XGBoost(1, 1, 0, 0)"
0,0.8628060460418626,0.8866628356493576
1,0.8359976317347543,0.8976595966983596
2,0.8879514505624629,0.9107721241249609
3,0.8862702473423292,0.9032766893772699
