,"Logit(1, 1, 0, 0)","XGBoost(1, 1, 0, 0)"
0,9.269997081070564,10.596375620309347
1,9.435374036597615,10.37343417410306
2,9.801438188553366,10.552191552126715
3,7.64888565762348,9.792316618849652
