,"Logit(1, 1, 0, 0)","XGBoost(1, 1, 0, 0)"
0,0.9101512493480631,0.9078753970888056
1,0.8648712721065858,0.9109098667678157
2,0.936205016357688,0.9325864974719936
3,0.939129572717359,0.9337761475166055
