,"Logit(1, 1, 0, 0)","XGBoost(1, 1, 0, 0)"
0,0.20598334124164897,0.22995353957058615
1,0.2136939305396862,0.22207769374430208
2,0.33866011938062496,0.2760081213228173
3,0.3004582924461545,0.34161608219797346
