,"Logit(1, 1, 0, 0)","XGBoost(1, 1, 0, 0)"
0,1.506841697081494,1.8667104653863844
1,1.881243867155841,1.9312851250014347
2,3.0447301592670137,2.0728290296836276
3,2.525463483921735,3.232260404507961
