,"Logit(1, 1, 0, 0)","XGBoost(1, 1, 0, 0)"
0,0.4879047060072192,0.6163817534327213
1,0.4522863140487488,0.5940814462568434
2,0.5267977309748084,0.5913848946871977
3,0.36774470663087744,0.5536232729581955
