,"Logit(1, 1, 0, 0)","XGBoost(1, 1, 0, 0)"
0,0.7851673936107508,0.7107243899563833
1,0.7527687728397972,0.7368162796180597
2,0.6464370414828713,0.7176044355614085
3,0.7424816301795318,0.6837914377115953
