,"Logit(1, 1, 0, 0)","XGBoost(1, 1, 0, 0)"
0,3.3589687593816757,2.252252945316444
1,3.0924622413282656,2.0631389882397815
2,3.1949201913993313,2.278103087537681
3,3.2105625530392947,3.8998392898013625
