,"Logit(1, 1, 0, 0)","XGBoost(1, 1, 0, 0)"
0,0.10958567271047359,0.06500178899581549
1,0.080221204222356,0.06349807133955718
2,0.07215057882510356,0.06779116046029242
3,0.0906683549501592,0.08626406766201049
