,"Logit(1, 1, 0, 0)","XGBoost(1, 1, 0, 0)"
0,0.9518229166666667,0.9375
1,0.8893229166666667,0.8821614583333333
2,0.9223684210526315,0.9736842105263158
3,0.9613095238095238,0.8437499999999999
