,"Logit(1, 1, 0, 0)","XGBoost(1, 1, 0, 0)"
0,0.5486302380483966,0.543957800511509
1,0.7886459767853629,0.587116368286445
2,0.5907990314769976,0.5093083283841199
3,0.5390150303805565,0.6476312302983234
