,"Logit(1, 1, 0, 0)","XGBoost(1, 1, 0, 0)"
0,2.1202170785147487,1.1309297535714575
1,1.4306765580733931,1.6716720638937508
2,1.9484591188793923,2.7817924522127258
3,2.5177825608059994,2.9484591188793923
