,"Logit(1, 1, 0, 0)","XGBoost(1, 1, 0, 0)"
0,0.005076585277454177,0.021191810033903802
1,0.13775592856447602,0.02338043190760143
2,0.009263928236903035,0.024643197323342407
3,0.008278365035358216,0.045612229661584014
