,"Logit(1, 1, 0, 0)","XGBoost(1, 1, 0, 0)"
0,0.5682997557997558,0.45739468864468863
1,0.42333764575612404,0.4051657106614003
2,0.5190810560053981,0.7594246031746031
3,0.7392857142857143,0.781137309292649
