,"Logit(1, 1, 0, 0)","XGBoost(1, 1, 0, 0)"
0,7.728032683727396,5.836742374203107
1,8.355314974672774,7.612004001603226
2,9.388464662997103,6.432122840491282
3,9.903464904446857,8.210404049130462
