,"Logit(1, 1, 0, 0)","XGBoost(1, 1, 0, 0)"
0,0.7316826215022092,0.6982695139911635
1,0.7666460914262612,0.7513247567068064
2,0.7613344306794882,0.7092159028559877
3,0.7440895629084968,0.8141339869281046
