,"Logit(1, 1, 0, 0)","XGBoost(1, 1, 0, 0)"
0,0.8956281607665691,0.9021160500399255
1,0.9413760979504925,0.9228107532605802
2,0.9194836305562949,0.911298908703753
3,0.9193505456481235,0.9291322863987224
