,"Logit(1, 1, 0, 0)","XGBoost(1, 1, 0, 0)"
0,0.3059169242055167,0.28619283178699273
1,0.4724968844406459,0.3922439083683357
2,0.36030201958634717,0.34136185288014226
3,0.2883475487244574,0.5096227313493845
