,"Logit(1, 1, 0, 0)","XGBoost(1, 1, 0, 0)"
0,3.5214624855837164,3.3724282412098963
1,5.398783844492106,4.389697558743569
2,4.085562412562979,4.044158030149224
3,3.0194301746051218,5.505938732422506
