,"Logit(1, 1, 0, 0)","XGBoost(1, 1, 0, 0)"
0,1.2573095516132153,2.335493391575451
1,2.157618748590731,2.384869002354379
2,3.5156337730868215,2.4134231706549123
3,1.3976299923498563,2.720715378257794
