,"Logit(1, 1, 0, 0)","XGBoost(1, 1, 0, 0)"
0,0.06248040709025956,0.07991198296664703
1,0.07073289248908038,0.07072111349416352
2,0.10027448081123833,0.06860609207162947
3,0.05598168825056414,0.07327396217266405
