,"Logit(1, 1, 0, 0)","XGBoost(1, 1, 0, 0)"
0,0.7260952380952381,0.764952380952381
1,0.785904761904762,0.8483809523809523
2,0.7527619047619047,0.7348571428571429
3,0.788952380952381,0.7116190476190475
