,"Logit(1, 1, 0, 0)","XGBoost(1, 1, 0, 0)"
0,0.5432950191570881,0.5364136019308434
1,0.5072434824508014,0.534727505579225
2,0.5524669050517346,0.5519517777439643
3,0.4969742214445121,0.4898107818523027
