,"Logit(1, 1, 0, 0)","XGBoost(1, 1, 0, 0)"
0,0.060470983872438495,0.058556870825249546
1,0.052951587338419634,0.05727720301287445
2,0.06621766659450107,0.06725926357931142
3,0.053251794382857424,0.05341727877274721
