,"Logit(1, 1, 0, 0)","XGBoost(1, 1, 0, 0)"
0,0.9750370454804513,0.9845434856947451
1,0.9898096432235267,0.9974923059386754
2,0.9746038983244045,0.9654166191724609
3,0.9771571868232076,0.98372278582013
