,"Logit(1, 1, 0, 0)","XGBoost(1, 1, 0, 0)"
0,0.6244280063648842,0.898369506228717
1,0.8267586208924584,0.9146221715148919
2,0.5470083279226796,0.7731586024543269
3,0.5065992084814207,0.8788904383066594
