,"Logit(1, 1, 0, 0)","XGBoost(1, 1, 0, 0)"
0,4.994452555736743,6.763424708256743
1,5.784561826567399,7.016682569262789
2,4.549884441182334,5.570410686863748
3,4.603575346441459,6.278470025338047
