,"Logit(1, 1, 0, 0)","XGBoost(1, 1, 0, 0)"
0,0.8112486872505074,0.84223511573759
1,0.7968413362529071,0.8984056540792487
2,0.7241723062243304,0.8252934571916057
3,0.7717721955336462,0.824773585788222
