,"Logit(1, 1, 0, 0)","XGBoost(1, 1, 0, 0)"
0,7.893711915314728,7.890606119022632
1,7.552246905844995,8.231355952126949
2,6.588404066855507,7.666576564003556
3,7.206168087116771,7.612087052173767
