,"Logit(1, 1, 0, 0)","XGBoost(1, 1, 0, 0)"
0,0.9221863354037267,0.9784347826086957
1,0.9658136645962734,0.994583850931677
2,0.9393939393939393,0.9782067247820672
3,0.9815584415584415,0.9905454545454546
