,"Logit(1, 1, 0, 0)","XGBoost(1, 1, 0, 0)"
0,0.20695184377349465,0.1117935438861376
1,0.2029806263974543,0.16993527422033824
2,0.11449083872889614,0.11318775570376637
3,0.21269586051652783,0.19624184286727697
