,"Logit(1, 1, 0, 0)","XGBoost(1, 1, 0, 0)"
0,0.8088863405959682,0.5803709428129831
1,0.8156587060211731,0.7164622492562863
2,0.6905473005216303,0.6051982030902898
3,0.793552845929802,0.7505800464037125
