,"Logit(1, 1, 0, 0)","XGBoost(1, 1, 0, 0)"
0,5.906255348827233,6.613840593591474
1,4.351176672920938,3.5402379631926517
2,6.741159588465454,6.247962948474878
3,4.398485769570546,4.767099505364164
