,"Logit(1, 1, 0, 0)","XGBoost(1, 1, 0, 0)"
0,0.7973992808044807,0.7932121945010183
1,0.7456370926680245,0.7352071664969451
2,0.7712210412423625,0.7646289460285132
3,0.7733955242175922,0.7772025806369978
