,"Logit(1, 1, 0, 0)","XGBoost(1, 1, 0, 0)"
0,0.15063930824524055,0.16174385200046743
1,0.09863229477364165,0.09880654853706976
2,0.1415246839677955,0.13274101798313656
3,0.118832385231375,0.11918011645961168
