,"Logit(1, 1, 1, 1)","XGBoost(1, 1, 1, 1)"
0,0.9868530611464172,0.9848392293347759
1,0.9950958527432823,0.990643666473812
2,0.9935417253355862,0.9727216428121116
3,0.9996505939902166,0.9985950503750431
