,"Logit(1, 1, 1, 1)","XGBoost(1, 1, 1, 1)"
0,0.9285583318320669,0.9190860027381932
1,0.9077730357127661,0.92258247926025
2,0.871863737163519,0.9192214699329263
3,0.9100506136224418,0.933363811587923
