,"Logit(1, 1, 1, 1)","XGBoost(1, 1, 1, 1)"
0,0.5931099231569175,0.5870358809319556
1,0.5945263206482753,0.6900643979671444
2,0.5500304517679365,0.5553430673444472
3,0.5823654341815685,0.5518579194805665
