,"Logit(1, 1, 0, 0)","XGBoost(1, 1, 0, 0)"
0,0.20307243959503368,0.25936505391961523
1,0.21959296852389945,0.21509079143448687
2,0.28796036964796007,0.27491388943539236
3,0.30055908252444735,0.3640230369193944
