,"Logit(1, 1, 0, 0)","XGBoost(1, 1, 0, 0)"
0,0.7748880113167511,0.7084404102322293
1,0.7611296121655073,0.7185429682895202
2,0.6570801745788488,0.7152852639368812
3,0.7441947871082027,0.684030347351308
