,"Logit(1, 1, 0, 0)","XGBoost(1, 1, 0, 0)"
0,2.1202170785147487,1.4463946303571862
1,1.8154648767857289,1.7023176840202705
2,1.9178134987528728,2.802601817465209
3,2.8739897479140217,2.5616063116448506
