,"Logit(1, 1, 0, 0)","XGBoost(1, 1, 0, 0)"
0,0.94921875,0.9375
1,0.890625,0.8177083333333334
2,0.9223684210526315,0.9723684210526317
3,0.9345238095238094,0.9315476190476191
