,"Logit(1, 1, 0, 0)","XGBoost(1, 1, 0, 0)"
0,7.73946003952174,7.650368643742848
1,7.356870056053616,6.6612334723288
2,9.066920053608511,8.132145927295294
3,9.776343281096453,8.346456275876518
