,"Logit(1, 1, 0, 0)","XGBoost(1, 1, 0, 0)"
0,0.9760401231049811,0.9839279607887838
1,0.9897640487860481,0.9977658725635472
2,0.9743759261370113,0.9833466317109313
3,0.977179984041947,0.9827083095862305
