,"Logit(1, 1, 0, 0)","XGBoost(1, 1, 0, 0)","Logit(1, 1, 1, 1)","XGBoost(1, 1, 1, 1)"
0,0.978831209176363,0.9836703827068134,0.9854151060337426,0.9806873977628756
1,0.9946771258092013,0.9837519186591006,0.9946765625698755,0.9937690488866503
2,0.9909014801428517,0.9879793321958183,0.9934997984796933,0.9919500218612316
3,0.9996505939902166,0.9989578950775106,0.999294595414211,0.9985950503750431
