,"Logit(1, 1, 0, 0)","XGBoost(1, 1, 0, 0)","Logit(1, 1, 1, 1)","XGBoost(1, 1, 1, 1)"
0,4.542902034904563,6.8057198401647545,6.415417030166446,7.314024330615179
1,6.351922067236687,7.301103802629465,6.637265884319266,7.841927986336187
2,7.339824515084773,7.495530754944561,7.1288623970372,7.626175719544612
3,7.749538822874035,7.311275871811838,7.5846071301881395,7.646313071410508
