,"Logit(1, 1, 0, 0)","XGBoost(1, 1, 0, 0)","Logit(1, 1, 1, 1)","XGBoost(1, 1, 1, 1)"
0,9.790976058423906,10.196976877349867,9.928790865700073,9.475627472255626
1,10.8666259870328,10.933249479159452,10.855116408685756,11.965235288804514
2,10.387849985180932,9.797881684786576,10.420573690685837,10.131667731599135
3,10.366614812521199,11.279740218255764,10.132779364885836,10.116973373346704
