,"Logit(1, 1, 0, 0)","XGBoost(1, 1, 0, 0)","Logit(1, 1, 1, 1)","XGBoost(1, 1, 1, 1)"
0,5.30078441699404,4.953217229107859,5.31482791234865,6.137304481613003
1,5.141437815516871,6.952976332897289,5.51968668948331,7.014487004042962
2,5.403534421690621,5.807190965159326,5.968896876294736,6.561054670384416
3,5.349235897652381,4.119080433818383,5.796918864436867,4.53371589251841
