,"Logit(1, 1, 0, 0)","XGBoost(1, 1, 0, 0)","Logit(1, 1, 1, 1)","XGBoost(1, 1, 1, 1)"
0,0.9500811688311688,0.9466314935064934,0.9418290043290043,0.952922077922078
1,0.9361471861471862,0.9418290043290043,0.928030303030303,0.9408820346320346
2,0.8913192071086808,0.9097744360902256,0.8951469583048531,0.9044429254955572
3,0.9353070175438597,0.9480537280701754,0.9372258771929824,0.939967105263158
