,"Logit(1, 1, 0, 0)","XGBoost(1, 1, 0, 0)","Logit(1, 1, 1, 1)","XGBoost(1, 1, 1, 1)"
0,0.7333333333333333,0.6146198830409356,0.7321637426900585,0.6947368421052632
1,0.6684815486993345,0.5341802782819117,0.6987295825771325,0.6690865093768905
2,0.5831820931639443,0.6091954022988506,0.5607985480943739,0.574712643678161
3,0.7071990320629159,0.6146400483968542,0.6963097398669087,0.6370235934664247
