,"Logit(1, 1, 0, 0)","XGBoost(1, 1, 0, 0)","Logit(1, 1, 1, 1)","XGBoost(1, 1, 1, 1)"
0,15.643719252972417,15.744706149622228,15.580029768223241,15.364319305844615
1,15.344442274979695,15.539538686761121,15.338879120862696,15.855261937433328
2,14.734848656227458,14.965992932995807,14.619634967660426,14.80194836390153
3,15.200136329425058,15.339938996206316,15.399391963024106,15.087217930185298
