,"Logit(1, 1, 0, 0)","XGBoost(1, 1, 0, 0)","Logit(1, 1, 1, 1)","XGBoost(1, 1, 1, 1)"
0,0.4426607044421987,0.5176317972858403,0.44321875831118035,0.5328101706352638
1,0.5331383311900092,0.5476139261575398,0.4995929084110703,0.5979760101124979
2,0.35608470763620603,0.38425831008191,0.35606318129850056,0.3563893445643136
3,0.4040772805479557,0.41660030809049475,0.39501206309510317,0.3885644508835596
