,"Logit(1, 1, 0, 0)","XGBoost(1, 1, 0, 0)","Logit(1, 1, 1, 1)","XGBoost(1, 1, 1, 1)"
0,0.9375331673119224,0.9028404815949073,0.9210837776580357,0.9088471281679789
1,0.9268882108836302,0.9397786944448527,0.9217726009292838,0.9399537849953012
2,0.8806286600962887,0.9028785952328473,0.8726314668081165,0.8981752931975526
3,0.9112447979644916,0.9374062196576758,0.9167597040304942,0.9187450769421144
