,"Logit(1, 1, 0, 0)","XGBoost(1, 1, 0, 0)","Logit(1, 1, 1, 1)","XGBoost(1, 1, 1, 1)"
0,14.858311505582192,15.132642815740846,14.615393314855197,14.549397853195853
1,13.497594695002118,14.940573639046763,13.377361400206585,14.752295394616143
2,14.972250978620243,14.959044960641776,14.212724503719604,15.860692238322093
3,13.50867108733176,13.662429041834402,12.649812224980588,14.299906047958837
