,"Logit(1, 1, 0, 0)","XGBoost(1, 1, 0, 0)","Logit(1, 1, 1, 1)","XGBoost(1, 1, 1, 1)"
0,3.898287324662436,4.498332615729937,4.201679170021923,4.750860270100373
1,4.8225022837394755,4.8225022837394755,4.8225022837394755,4.8225022837394755
2,4.4950569967948,4.80620887312554,4.505178877461558,4.813797492515666
3,3.132003547955157,3.5051788774615584,3.1489716903535365,3.7289446316686474
