,"Logit(1, 1, 0, 0)","XGBoost(1, 1, 0, 0)","Logit(1, 1, 1, 1)","XGBoost(1, 1, 1, 1)"
0,8.061747629294992,7.724068247030267,8.067374238207297,7.8058345131603915
1,7.024684537556197,6.925508927437365,7.383362624023198,7.77057733011017
2,8.004000905695921,7.646280277274603,8.019422114111993,7.552310316796871
3,7.894603864900966,7.660789516044996,7.880409861659859,8.0375767411495
