,"Logit(1, 1, 0, 0)","XGBoost(1, 1, 0, 0)","Logit(1, 1, 1, 1)","XGBoost(1, 1, 1, 1)"
0,0.8964346349745331,0.9694397283531409,0.898132427843803,0.9734012450481042
1,0.9687500000000001,0.9776785714285714,0.9654017857142857,0.9938616071428572
2,0.8978794642857143,0.96484375,0.9330357142857143,0.9698660714285715
3,0.8317972350230415,0.9637096774193549,0.8456221198156683,0.9683179723502304
