,"Logit(1, 1, 1, 1)","XGBoost(1, 1, 1, 1)"
0,0.752313716184148,0.6039985761746559
1,0.844249327638032,0.8863510520487264
2,0.6017639613985128,0.828251067869008
3,0.5562654399863702,0.7592639918221313
