,"Logit(1, 1, 1, 1)","XGBoost(1, 1, 1, 1)"
0,0.028975954031611177,0.07005137719423433
1,0.06215768330311666,0.2832210633847791
2,0.03380259698698963,0.23914231571764602
3,0.011392154549480327,0.09785862104373641
