,"Logit(1, 1, 1, 1)","XGBoost(1, 1, 1, 1)"
0,0.0,1.1801108536499072
1,0.0,2.0616063116448506
2,0.0,2.498108991712268
3,0.0,1.0
