,"Logit(1, 1, 1, 1)","XGBoost(1, 1, 1, 1)"
0,0.8702290076335878,0.8907590915556398
1,0.8679531553743303,0.9191598312076241
2,0.8896599583622484,0.9464409636165362
3,0.9520174482006543,0.9424506790919005
