,"Logit(1, 1, 1, 1)","XGBoost(1, 1, 1, 1)"
0,0.1250633236454718,0.22666453724975041
1,0.21370841910213006,0.19751012867507545
2,0.23076263283725099,0.41723854154766454
3,0.2863584951422196,0.3604888082077795
