,"Logit(1, 1, 1, 1)","XGBoost(1, 1, 1, 1)"
0,1.0610806166594324,1.9107865568666935
1,2.2493329090317595,1.4506150095448807
2,2.1903906908073854,3.7634714140455188
3,2.1239516813582457,3.6709525681591457
