,"Logit(1, 1, 1, 1)","XGBoost(1, 1, 1, 1)"
0,3.8649105985897227,2.8164391683244845
1,3.4767080856710657,1.7960903936925599
2,3.8544158968528994,2.111521484855894
3,3.5292691836911954,3.2493494813144514
