,"Logit(1, 1, 1, 1)","XGBoost(1, 1, 1, 1)"
0,0.7776258399151244,0.7565837557467878
1,0.7390265825769187,0.738690616527172
2,0.7413861420754837,0.719016041908247
3,0.7305915053055421,0.7012522361359571
