,"Logit(1, 1, 1, 1)","XGBoost(1, 1, 1, 1)"
0,0.1147741023732299,0.0777631920268576
1,0.09022904948794568,0.06365771736770508
2,0.10503303915437442,0.06439619945982125
3,0.09560171149850777,0.08627047949775474
