,"Logit(1, 1, 1, 1)","XGBoost(1, 1, 1, 1)"
0,3.0589121521797265,5.029318651962788
1,6.605035871496647,6.942084249495715
2,5.642982430852977,5.226389706649108
3,5.658871892436634,5.88360107438219
