,"Logit(1, 1, 1, 1)","XGBoost(1, 1, 1, 1)"
0,0.15150880559194332,0.26586164158245906
1,0.404260353541534,0.4282486879415131
2,0.32218460168750845,0.2720350976345847
3,0.29294362826840026,0.3352136351609807
