,"Logit(1, 1, 1, 1)","XGBoost(1, 1, 1, 1)"
0,0.7265366268647646,0.8036869929814967
1,0.787123745819398,0.8645332927941622
2,0.7990118577075099,0.7882867132867133
3,0.7156050471267863,0.754043782304652
