,"Logit(1, 1, 1, 1)","XGBoost(1, 1, 1, 1)"
0,0.7154591389660058,0.6974629224709071
1,0.7113726260963565,0.7081541901088373
2,0.7195285359801489,0.7517066446098704
3,0.6588558036945135,0.7343810311552248
