,"Logit(1, 1, 1, 1)","XGBoost(1, 1, 1, 1)"
0,0.9955227110523007,2.847661241502708
1,2.6463784750911437,3.0634724641913174
2,3.049827454505593,3.649054434492921
3,1.0034568931200356,2.011458239593652
