,"Logit(1, 1, 1, 1)","XGBoost(1, 1, 1, 1)"
0,0.05907576456651485,0.0803570932775477
1,0.07379190304796718,0.07551494683926628
2,0.08798637854980532,0.11026000885650965
3,0.04855999429903378,0.07610519558589084
