,"Logit(1, 1, 1, 1)","XGBoost(1, 1, 1, 1)"
0,0.0,1.0
1,1.182644114926539,0.43067655807339306
2,0.0,0.0
3,0.0,0.6164948724497099
