,"Logit(1, 1, 1, 1)","XGBoost(1, 1, 1, 1)"
0,0.005994373506063965,0.08391786928717782
1,0.08175894037415207,0.03461616718650864
2,0.009368953905458562,0.0076702952509324854
3,0.01477260146835558,0.04397988892644173
