,"Logit(1, 1, 1, 1)","XGBoost(1, 1, 1, 1)"
0,0.5891574857367696,0.6048716309266181
1,0.7413559905567578,0.7297240802675585
2,0.5903878660514413,0.49384393987847774
3,0.5577687422906483,0.7798894421855727
