,"Logit(1, 1, 1, 1)","XGBoost(1, 1, 1, 1)"
0,3.180653767812838,5.80221166832878
1,5.3862063600862005,7.24720758475998
2,4.1884397065490715,6.322785666658428
3,0.4608771960256352,7.022497773535
