,"Logit(1, 1, 1, 1)","XGBoost(1, 1, 1, 1)"
0,0.9434534161490684,0.9862360248447205
1,0.9774409937888199,0.9992049689440995
2,0.9563096720630967,0.9841220423412205
3,0.9163116883116883,0.9931948051948052
