,"Logit(1, 1, 1, 1)","XGBoost(1, 1, 1, 1)"
0,0.9768380257608572,0.9915650290664539
1,0.9919297845662829,0.9972643337512823
2,0.9659637524222044,0.9682890687336144
3,0.977704320072951,0.969998860139063
