,"Logit(1, 1, 1, 1)","XGBoost(1, 1, 1, 1)"
0,0.7965255006118965,0.8767559938031156
1,0.8225434776139345,0.8882913971910104
2,0.7556484010571088,0.8195151996723878
3,0.7941100928500017,0.8463584977645805
