,"Logit(1, 1, 1, 1)","XGBoost(1, 1, 1, 1)"
0,7.681699571759884,8.116279292696976
1,7.583732412623399,8.005556447149221
2,7.164890120049029,7.643519833677999
3,7.37968795897232,7.452267319108531
