,"Logit(1, 1, 1, 1)","XGBoost(1, 1, 1, 1)"
0,0.3328695951426475,0.8187111287730717
1,0.5944312683878028,0.9732490580680615
2,0.44832000383933784,0.8416599988667611
3,0.12778461925520876,0.9449066078562036
