,"Logit(1, 1, 1, 1)","XGBoost(1, 1, 1, 1)"
0,4.229724310363722,6.972574692031332
1,2.8059986630400573,5.02656108532183
2,1.7746018776285182,4.803430643955119
3,4.88809474457635,6.3235583211370905
