,"Logit(1, 1, 1, 1)","XGBoost(1, 1, 1, 1)"
0,0.7956158282228981,0.824034834056273
1,0.7530122484253211,0.8059156404247894
2,0.726263349294894,0.8104441263102466
3,0.7760444949071104,0.806437280939922
