,"Logit(1, 1, 1, 1)","XGBoost(1, 1, 1, 1)"
0,0.1888153968539318,0.25381162203461693
1,0.1490404368594754,0.2015969965943058
2,0.1268973396759282,0.2024387064875814
3,0.20142964180178088,0.2590300487790742
