,"Logit(1, 1, 1, 1)","XGBoost(1, 1, 1, 1)"
0,0.892492960056967,0.9295646987932149
1,0.8575633652055469,0.9039479747451723
2,0.8921258253576252,0.9292350970292844
3,0.900503115847189,0.9125174522290859
