,"Logit(1, 1, 1, 1)","XGBoost(1, 1, 1, 1)"
0,21.829320610181572,22.42202006438533
1,20.957832829418653,21.810276682274587
2,22.146606201070405,22.370224375454086
3,21.21670231485538,21.82592874319707
