,"Logit(1, 1, 1, 1)","XGBoost(1, 1, 1, 1)"
0,0.9554492590508348,0.9847738263539078
1,0.9568286735202749,0.9703208568382813
2,0.973916942320802,0.9857712139304848
3,0.9768679284992062,0.9819692456913313
