,"Logit(1, 1, 1, 1)","XGBoost(1, 1, 1, 1)"
0,7.828832015537531,6.556898878601973
1,3.4595244536743306,4.04870141786608
2,5.087711464617469,6.526930336594459
3,4.2875018413697585,4.431241795328255
