,"Logit(1, 1, 1, 1)","XGBoost(1, 1, 1, 1)"
0,0.17964653687926505,0.1575007941428304
1,0.09334992546671,0.09597352685553918
2,0.10603813127559382,0.13461518266636466
3,0.1035881734977881,0.11451525837691806
