,"Logit(1, 1, 1, 1)","XGBoost(1, 1, 1, 1)"
0,0.7878237970977596,0.7898851196537678
1,0.7298537741853361,0.7383472823319757
2,0.7143298116089614,0.7689751463849288
3,0.7486101159831522,0.7867637173446453
