,"Logit(1, 1, 0, 0)","XGBoost(1, 1, 0, 0)"
0,0.005434021525942743,0.03154292644845749
1,0.15565255058855385,0.023915952382663034
2,0.009482893439744185,0.008224286248514361
3,0.012657032366511532,0.050819105075125014
