,"Logit(1, 1, 0, 0)","XGBoost(1, 1, 0, 0)"
0,0.0,0.5
1,1.5,0.38685280723454163
2,0.0,0.0
3,0.0,0.6487982101190621
