,"Logit(1, 1, 0, 0)","XGBoost(1, 1, 0, 0)"
0,0.7216368506165353,0.7224887377631465
1,0.7672597389471252,0.8133627162205088
2,0.7622476825781859,0.7488214357908111
3,0.7410732522175536,0.8115553513071896
