,"Logit(1, 1, 0, 0)","XGBoost(1, 1, 0, 0)"
0,7.547401265243383,7.667140627459257
1,8.36413256496678,8.960959861172373
2,9.155406420666626,9.099390681728273
3,9.765470607641886,8.514360230316335
