,"Logit(1, 1, 0, 0)","XGBoost(1, 1, 0, 0)"
0,0.24220200737297876,0.24357776799515451
1,0.31186908792573176,0.2970696454061356
2,0.3406877643484571,0.30678448774085537
3,0.3630475491988757,0.2925397679248571
