,"Logit(1, 1, 0, 0)","XGBoost(1, 1, 0, 0)"
0,0.0637121062440458,0.08233863144058211
1,0.0781150254328943,0.08181313092331334
2,0.09203334650399869,0.11026000885650965
3,0.055637037640650096,0.06848088587678483
