,"Logit(1, 1, 0, 0)","XGBoost(1, 1, 0, 0)"
0,0.28495655794154895,0.24519116183809775
1,0.3334473500532019,0.4001800680001775
2,0.22899072512642277,0.24764906792292535
3,0.3242449850737598,0.2961271182491411
