,"Logit(1, 1, 0, 0)","XGBoost(1, 1, 0, 0)"
0,0.926360248447205,0.9925962732919255
1,0.973416149068323,0.9962732919254658
2,0.9606164383561643,0.9843814860938149
3,0.9722597402597403,0.9949610389610389
