,"Logit(1, 1, 0, 0)","XGBoost(1, 1, 0, 0)"
0,0.9782970477601732,0.9885557961928645
1,0.9894220905049584,0.9980622364071583
2,0.9718454348569475,0.9716858543257723
3,0.9764504730422888,0.9619400433147156
