,"Logit(1, 1, 0, 0)","XGBoost(1, 1, 0, 0)"
0,3.68113476480343,6.4995594553039115
1,5.449532617396607,7.242804031558487
2,4.489609555267743,6.322785666658428
3,4.305648027834781,6.557634107406077
