,"Logit(1, 1, 0, 0)","XGBoost(1, 1, 0, 0)"
0,0.4543973833396919,0.8595901933881502
1,0.6728307735804715,0.9416458513082397
2,0.47861425332619256,0.8462250164753353
3,0.4655834129240684,0.920674424425905
