,"Logit(1, 1, 0, 0)","XGBoost(1, 1, 0, 0)"
0,0.15464529834184054,0.16852905151399097
1,0.0955107007921669,0.09774592436779386
2,0.13036747574443602,0.1460749688013323
3,0.11234664339676709,0.11156285830144932
