,"Logit(1, 1, 0, 0)","XGBoost(1, 1, 0, 0)","Logit(1, 1, 1, 1)","XGBoost(1, 1, 1, 1)"
0,0.48539015827354615,0.4213829332145174,0.47063503855561595,0.5245378946624543
1,0.5155719464904653,0.6010095822190225,0.5159945419774485,0.5993828999915269
2,0.4909741499229303,0.5116236365985306,0.4966920555674807,0.5248040936736333
3,0.48866618967943826,0.39725769188466525,0.48466771847862344,0.4345191120556497
