,"Logit(1, 1, 0, 0)","XGBoost(1, 1, 0, 0)","Logit(1, 1, 1, 1)","XGBoost(1, 1, 1, 1)"
0,0.9116188042773622,0.8739350325886703,0.9160650823966674,0.8970200318947497
1,0.8188630307941291,0.8236424735924737,0.8716607286838953,0.857517676023094
2,0.8963994856166447,0.9096866034432615,0.902708281178644,0.8766352332551614
3,0.912290889647026,0.89419124177927,0.8974611066854205,0.8819006866006908
