,"Logit(1, 1, 0, 0)","XGBoost(1, 1, 0, 0)","Logit(1, 1, 1, 1)","XGBoost(1, 1, 1, 1)"
0,0.7326441102756892,0.7517335004177109,0.7345238095238095,0.7591269841269842
1,0.794419784400761,0.798139928133587,0.7886281969985203,0.7974635383639823
2,0.6892200380469244,0.7101035721834706,0.6846966814626929,0.6859015007398013
3,0.7105263157894737,0.6989008666243923,0.7063411540900444,0.7035087719298245
