,"Logit(1, 1, 0, 0)","XGBoost(1, 1, 0, 0)","Logit(1, 1, 1, 1)","XGBoost(1, 1, 1, 1)"
0,0.3954385915554432,0.3853980349764069,0.404608533623796,0.47552844757835505
1,0.4568590719720288,0.4516589275950562,0.46162993612995046,0.4783442608967549
2,0.5873388240300006,0.520034712074114,0.5873388240300006,0.49168223727446925
3,0.5175512545529891,0.4163040713503105,0.5090698577387195,0.3579873064150654
