,"Logit(1, 1, 1, 1)","XGBoost(1, 1, 1, 1)"
0,0.1911831015412033,0.18905118019223194
1,0.21659273156700173,0.1581409250809569
2,0.2727582720958797,0.36612387814189645
3,0.28490983535421105,0.385374371605699
