,"Logit(1, 1, 1, 1)","XGBoost(1, 1, 1, 1)"
0,9.40809630120799,10.088418398814708
1,5.508043804279112,9.14847207423152
2,6.858081849635005,9.56022897300084
3,8.767663290230658,8.952172391734372
