,"Logit(1, 1, 1, 1)","XGBoost(1, 1, 1, 1)"
0,0.7438398201318628,0.8251754625831738
1,0.7891608391608391,0.8960930373973852
2,0.7984037701429006,0.7954317421708726
3,0.7246655518394649,0.7653010033444816
