,"Logit(1, 1, 1, 1)","XGBoost(1, 1, 1, 1)"
0,0.31164465019637405,0.36459780784402057
1,0.1986194632052804,0.3010518664229033
2,0.20877760677725396,0.3693716302545256
3,0.2925770475714942,0.3016543915112778
