,"Logit(1, 1, 1, 1)","XGBoost(1, 1, 1, 1)"
0,0.59279706866024,0.6782534920322645
1,0.7103211686012197,0.6145607908715326
2,0.5409794874137694,0.5912558819498378
3,0.5187308693864497,0.7220064872767143
