,"Logit(1, 1, 1, 1)","XGBoost(1, 1, 1, 1)"
0,0.20373689128431074,0.2778244343383676
1,0.19387392885348104,0.22024804227191974
2,0.14836082071651976,0.16725887176851792
3,0.2050586981197243,0.25444476350441797
