,"Logit(1, 1, 1, 1)","XGBoost(1, 1, 1, 1)"
0,4.796526014026959,7.428686597684137
1,4.563375412944016,5.005440766473883
2,2.2257158720138066,3.66617951547156
3,4.562462874232437,6.5767067669141275
