,"Logit(1, 1, 1, 1)","XGBoost(1, 1, 1, 1)"
0,21.974727786627472,22.12123553135936
1,21.212406881481794,21.480248582009143
2,22.130595736849177,22.385401747052303
3,21.373489095784198,21.832076194859244
