,"Logit(1, 1, 1, 1)","XGBoost(1, 1, 1, 1)"
0,0.9812372181121922,0.9784028988292135
1,0.9587456707431452,0.9682940554785401
2,0.9848493166980066,0.9832068298173133
3,0.9723476581980226,0.9777394988356187
