,"Logit(1, 1, 1, 1)","XGBoost(1, 1, 1, 1)"
0,0.158852188103843,0.15328966459584503
1,0.09311759051256263,0.09904371325864669
2,0.11225285175424574,0.12917654966793868
3,0.10158447698685934,0.11008775230508555
