,"Logit(1, 1, 1, 1)","XGBoost(1, 1, 1, 1)"
0,6.496443113402391,6.533216283008417
1,3.1931011747666105,4.399566992504875
2,5.304312994781889,5.550765303889554
3,4.575755555243293,4.776561452703924
