,"Logit(1, 1, 1, 1)","XGBoost(1, 1, 1, 1)"
0,0.7903298434317718,0.7875453475050918
1,0.7389598714358453,0.7402701756619146
2,0.7174611761710794,0.7602533095723014
3,0.7254609353622873,0.7682994146275111
