,"Logit(1, 1, 1, 1)","XGBoost(1, 1, 1, 1)"
0,8.231536666905612,10.033778900934161
1,10.662673345820089,10.583459168455146
2,7.073243438896328,6.652708395616749
3,8.616083423156379,7.759911358566973
