,"Logit(1, 1, 1, 1)","XGBoost(1, 1, 1, 1)"
0,9.924935213265174,10.312098535629874
1,10.832240833282288,11.825242575481681
2,10.42595770338479,9.84269770344653
3,10.562916532210055,11.20345965643119
