,"Logit(1, 1, 1, 1)","XGBoost(1, 1, 1, 1)"
0,0.8712515078237444,0.9798103134938664
1,0.9544730730167781,0.9757582704183623
2,0.8615818951563846,0.9750469876100399
3,0.8409796919860079,0.9314209987163772
