,"Logit(1, 1, 1, 1)","XGBoost(1, 1, 1, 1)"
0,0.4462001604872422,0.5185925263598875
1,0.5319767176741361,0.5603395177758632
2,0.35580569538120954,0.3504981044085729
3,0.4114774968007523,0.390752857768739
