,"Logit(1, 1, 1, 1)","XGBoost(1, 1, 1, 1)"
0,0.7358604845446951,0.7610902255639098
1,0.7940815895159586,0.7912914817163391
2,0.6871063200169097,0.6986260832804904
3,0.7124709363770874,0.6857958148383005
