,"Logit(1, 1, 1, 1)","XGBoost(1, 1, 1, 1)"
0,0.9403409090909091,0.9450081168831168
1,0.9105790043290043,0.9435876623376623
2,0.8925495557074505,0.9056732740943267
3,0.9416118421052633,0.9517543859649122
