,"Logit(1, 1, 1, 1)","XGBoost(1, 1, 1, 1)"
0,0.8136329482483327,0.9253942136295075
1,0.8755117431588018,0.8856513856513857
2,0.9150268534883919,0.7034383916736858
3,0.6234329396094102,0.7858704734699429
