,"Logit(1, 1, 1, 1)","XGBoost(1, 1, 1, 1)"
0,29.1380579335246,38.205223322896096
1,28.946516702770754,42.64838727478392
2,32.231111241847294,43.13982287933373
3,27.88812618058435,40.399292162993774
