,"Logit(1, 1, 1, 1)","XGBoost(1, 1, 1, 1)"
0,0.8681380871533672,0.9762308998302207
1,0.9486607142857143,0.9827008928571428
2,0.8883928571428572,0.9832589285714286
3,0.8536866359447005,0.9602534562211982
