,"Logit(1, 1, 1, 1)","XGBoost(1, 1, 1, 1)"
0,0.8778483389819584,0.8749273645756512
1,0.8542946858984382,0.9108317580657221
2,0.8096725690338331,0.8713422799680848
3,0.8999662257576287,0.8933689960043836
