,"Logit(1, 1, 1, 1)","XGBoost(1, 1, 1, 1)"
0,4.201679170021923,4.543559338088346
1,4.8225022837394755,4.8225022837394755
2,4.4950569967948,4.074957877360796
3,3.142125428621915,4.275417031888878
