,"Logit(1, 1, 1, 1)","XGBoost(1, 1, 1, 1)"
0,0.6319722448253546,0.6816247315036167
1,0.5733177109649569,0.6103179604340895
2,0.6376961251458285,0.6764639568661396
3,0.4759107371760558,0.6007149592548497
