,"Logit(1, 1, 1, 1)","XGBoost(1, 1, 1, 1)"
0,0.5772720899626068,0.5709096776412741
1,0.4948631767333948,0.5406416099516583
2,0.4012052547666964,0.3745845299883588
3,0.5651511226547266,0.5083154260562488
