,"Logit(1, 1, 1, 1)","XGBoost(1, 1, 1, 1)"
0,0.9245945507931399,0.979066407300736
1,0.8642077569049476,0.9888620477307363
2,0.9632950832649293,0.982378185394025
3,0.8408568647773734,0.9723193811028802
