,"Logit(1, 1, 1, 1)","XGBoost(1, 1, 1, 1)"
0,0.9155476703038903,0.9057598285608637
1,0.8835865956680645,0.9431683745196363
2,0.8751820842926696,0.8911260158112794
3,0.931423919912976,0.9444235449026067
