,"Logit(1, 1, 1, 1)","XGBoost(1, 1, 1, 1)"
0,0.3983448512786635,0.5161555850879553
1,0.46002076826923255,0.4497582100430671
2,0.6027997739246369,0.5809248010798522
3,0.5237071653411179,0.5304309490549393
