,"Logit(1, 1, 1, 1)","XGBoost(1, 1, 1, 1)"
0,12.890794061097367,12.716972465775573
1,12.719682510924967,12.718022790214452
2,13.073157765449405,13.069790040398054
3,13.24774119549745,13.246081474786935
