,"Logit(1, 1, 1, 1)","XGBoost(1, 1, 1, 1)"
0,0.5703077536050333,0.7873328281341925
1,0.5570029440302652,0.8954320092885042
2,0.6439597405828981,0.9131249643441053
3,0.5588412370425738,0.8291577046979974
