,"Logit(1, 1, 1, 1)","XGBoost(1, 1, 1, 1)"
0,0.6195218934911243,0.8067029585798816
1,0.619266272189349,0.8904142011834321
2,0.6535952662721894,0.9089230769230768
3,0.6153183431952662,0.8419976331360945
