,"Logit(1, 1, 1, 1)","XGBoost(1, 1, 1, 1)"
0,2.9394447377091537,3.854994634692791
1,3.236014873080543,3.354068032745452
2,4.468052900718905,4.428098180166372
3,3.7977729894802548,4.117979429555199
