,"Logit(1, 1, 1, 1)","XGBoost(1, 1, 1, 1)"
0,0.6087768440709618,0.6367880485527544
1,0.665,0.6731818181818182
2,0.7880952380952381,0.7557142857142857
3,0.7152380952380952,0.6533333333333333
