,"Logit(1, 1, 1, 1)","XGBoost(1, 1, 1, 1)"
0,0.9842767295597484,0.9882599580712786
1,0.9930040279838881,0.9910960356158576
2,0.9955480178079288,0.9777400890396439
3,0.9997880008479966,0.9991520033919864
