,"Logit(1, 1, 1, 1)","XGBoost(1, 1, 1, 1)"
0,18.307964348479814,17.577487297490954
1,18.693947240792124,19.211625283555946
2,18.851441791699976,18.812870510806082
3,17.18880693127765,16.80509825984039
