,"Logit(1, 1, 1, 1)","XGBoost(1, 1, 1, 1)"
0,0.7866666666666666,0.8518518518518519
1,0.7247023809523809,0.7738095238095238
2,0.7886904761904763,0.8571428571428572
3,0.668154761904762,0.8273809523809524
