,"Logit(1, 1, 1, 1)","XGBoost(1, 1, 1, 1)"
0,0.9371614301191766,0.980498374864572
1,0.885157096424702,0.9209100758396533
2,0.9826652221018418,0.917118093174431
3,0.9295774647887324,0.9555796316359697
