,"Logit(1, 1, 1, 1)","XGBoost(1, 1, 1, 1)"
0,0.5921725405010044,0.5882204569649921
1,0.6083541825270915,0.6509915433238679
2,0.5802400559107739,0.5508849935383251
3,0.5789837781393978,0.6294688547973354
