,"Logit(1, 1, 1, 1)","XGBoost(1, 1, 1, 1)"
0,0.8824561403508773,0.8921052631578948
1,0.8903508771929824,0.9149122807017545
2,0.8603603603603603,0.881981981981982
3,0.890990990990991,0.881981981981982
