,"Logit(1, 1, 1, 1)","XGBoost(1, 1, 1, 1)"
0,7.798547566316728,7.746361108426689
1,7.4860709537121215,8.052528526482071
2,7.492894568949453,7.577397649705451
3,7.669562800500521,7.8538905930989795
