,"Logit(1, 1, 1, 1)","XGBoost(1, 1, 1, 1)"
0,6.673985466012142,7.033037296286294
1,6.061564688241883,6.773162262723749
2,6.811786975775146,7.552443051693536
3,6.506746581866682,7.184576026291392
