,"Logit(1, 1, 1, 1)","XGBoost(1, 1, 1, 1)"
0,0.9305256656469248,0.9431920170621785
1,0.9200258634832708,0.9454454212949113
2,0.9309985427664276,0.9394427770432634
3,0.8944637015111387,0.9310737653840162
