,"Logit(1, 1, 1, 1)","XGBoost(1, 1, 1, 1)"
0,0.7051282051282052,0.7158882783882783
1,0.7667124542124543,0.7902930402930403
2,0.7623626373626373,0.7723214285714286
3,0.75093808630394,0.6772983114446529
