,"Logit(1, 1, 1, 1)","XGBoost(1, 1, 1, 1)"
0,14.426078023198436,15.416593680004842
1,13.204978101675112,14.194672160492042
2,14.475133621154512,15.558230135952545
3,11.862179128703664,14.51537729696458
