,"Logit(1, 1, 1, 1)","XGBoost(1, 1, 1, 1)"
0,15.544950730860295,15.57640923780102
1,14.684546217908524,15.389952779982297
2,14.843617496078373,14.593575872089701
3,15.329847106703934,15.678953456967564
