,"Logit(1, 1, 1, 1)","XGBoost(1, 1, 1, 1)"
0,0.9822324443152234,0.9840358215268737
1,0.9896952413222542,0.9869228208450074
2,0.993713861838101,0.9811198734948829
3,0.9996505939902166,0.9985950503750433
