,"Logit(1, 1, 1, 1)","XGBoost(1, 1, 1, 1)"
0,0.7940571428571427,0.7699047619047619
1,0.791695238095238,0.7836952380952381
2,0.7628952380952381,0.7772190476190476
3,0.7782857142857144,0.7824
