,"Logit(1, 1, 1, 1)","XGBoost(1, 1, 1, 1)"
0,11.582473622384727,12.325303556883668
1,11.176204361831257,12.177573709447376
2,11.609063511313861,11.993611206385157
3,10.447293930725282,11.974313249178019
