,"Logit(1, 1, 1, 1)","XGBoost(1, 1, 1, 1)"
0,0.8248216411556437,0.8005016066280599
1,0.8567031383782675,0.8754749637773145
2,0.8525909101458553,0.8334167472189535
3,0.7831569110120029,0.760698356395485
