,"Logit(1, 1, 1, 1)","XGBoost(1, 1, 1, 1)"
0,0.4600056834735124,0.4975708341817671
1,0.5312982774154416,0.6469185368198247
2,0.5291485139446221,0.503385091565999
3,0.4790286566070815,0.3840253578845299
