,"Logit(1, 1, 1, 1)","XGBoost(1, 1, 1, 1)"
0,5.541031445046863,5.6187066230329155
1,4.414297492494522,4.587542496158057
2,3.3171129103385946,2.887727157317611
3,5.032798532074631,4.793772387785258
