,"Logit(1, 1, 1, 1)","XGBoost(1, 1, 1, 1)"
0,0.8649294019933556,0.8560008305647842
1,0.8968852573503736,0.8938124170682311
2,0.875096026258817,0.873175501082478
3,0.8372442209651512,0.8256163139884071
