,"Logit(1, 1, 1, 1)","XGBoost(1, 1, 1, 1)"
0,0.7116959064327486,0.7277777777777779
1,0.6993345432546885,0.6575922565033273
2,0.6134301270417423,0.5798548094373865
3,0.6932849364791288,0.6509376890502118
