,"Logit(1, 1, 1, 1)","XGBoost(1, 1, 1, 1)"
0,0.7873156451637582,0.8526672347039395
1,0.6844898177801612,0.8038420252404171
2,0.8214551847545957,0.8797081599382771
3,0.7524494319742907,0.8306549870155433
