,"Logit(1, 1, 1, 1)","XGBoost(1, 1, 1, 1)"
0,4.908623767545203,5.93793363484556
1,6.156202160404903,7.609564661054557
2,5.957817208039199,5.3158494124190225
3,5.5966875664911155,4.0803161843775815
