,"Logit(1, 1, 1, 1)","XGBoost(1, 1, 1, 1)"
0,0.9546913580246913,0.9944444444444445
1,0.9580246913580247,0.9965432098765432
2,0.9881987577639751,0.9942857142857142
3,0.9649785840262031,0.9911816578483245
