,"Logit(1, 1, 1, 1)","XGBoost(1, 1, 1, 1)"
0,7.678662632370724,8.959731955258786
1,9.139867526443812,8.953566444164375
2,7.643499906262597,8.946242762804186
3,7.615091037234383,8.280717959038455
