,"Logit(1, 1, 1, 1)","XGBoost(1, 1, 1, 1)"
0,0.036781070506181304,0.10550029472443266
1,0.06959649137706342,0.27095094222631194
2,0.044923423517485295,0.21779512776379603
3,0.017114095734950263,0.09078485409247072
