,"Logit(1, 1, 1, 1)","XGBoost(1, 1, 1, 1)"
0,0.7894913779465276,0.8414610030058536
1,0.8596345514950167,0.8975241259294415
2,0.668921056794811,0.8298330960291092
3,0.6730556265439986,0.6636851520572452
