,"Logit(1, 1, 1, 1)","XGBoost(1, 1, 1, 1)"
0,0.0,1.1801108536499072
1,0.0,1.9199945798893454
2,0.0,2.2202211117146065
3,0.0,1.0
