,"Logit(1, 1, 1, 1)","XGBoost(1, 1, 1, 1)"
0,0.4441963795986709,0.6477973559704885
1,0.4787926399076924,0.6561224148408783
2,0.4703025752640803,0.6267652063504737
3,0.2664229092660131,0.5838436668528518
