,"Logit(1, 1, 1, 1)","XGBoost(1, 1, 1, 1)"
0,0.9505208333333333,0.9348958333333334
1,0.8971354166666666,0.90625
2,0.9671052631578947,0.9710526315789475
3,0.949404761904762,0.96875
