,"Logit(1, 1, 1, 1)","XGBoost(1, 1, 1, 1)"
0,0.913328453553367,0.9137609795049242
1,0.9377162629757785,0.9349547511312217
2,0.8838501463933989,0.9470987490018632
3,0.9330250199627362,0.929232100079851
