,"Logit(1, 1, 1, 1)","XGBoost(1, 1, 1, 1)"
0,0.2983741710368719,0.3034442179070512
1,0.40718217806108065,0.4410509829458224
2,0.3537128813809497,0.35829617554638576
3,0.36356298948058374,0.44974087369190396
