,"Logit(1, 1, 1, 1)","XGBoost(1, 1, 1, 1)"
0,1.9454985452511708,2.2821248206604516
1,1.0352062611770096,1.4752449547410211
2,1.2184834660924855,1.4936245796761523
3,2.606629162772554,2.0675293653079345
