,"Logit(1, 1, 1, 1)","XGBoost(1, 1, 1, 1)"
0,0.0,1.0
1,0.6570909616618614,0.6309297535714575
2,0.0,1.5
3,0.0,0.6895405204413555
