,"Logit(1, 1, 1, 1)","XGBoost(1, 1, 1, 1)"
0,7.686320896744322,8.101429607688546
1,7.614712887894509,8.236601223753999
2,7.197978450331471,7.8548887393387625
3,7.192982966347059,7.884954178736984
