,"Logit(1, 1, 1, 1)","XGBoost(1, 1, 1, 1)"
0,0.3993124693293224,0.8901369644847905
1,0.5840079671627714,0.9385652284629264
2,0.3348620853658905,0.8528037751721961
3,0.13408457950171693,0.9570846347745082
