,"Logit(1, 1, 1, 1)","XGBoost(1, 1, 1, 1)"
0,0.9247204968944099,0.9935403726708074
1,0.9756521739130435,0.9957267080745342
2,0.9422997094229971,0.9794001660440017
3,0.9212987012987013,0.9967792207792208
