,"Logit(1, 1, 1, 1)","XGBoost(1, 1, 1, 1)"
0,3.3118527843509717,6.557912613046558
1,5.183414895680166,7.254198722438831
2,2.3868877783812734,6.328830713278888
3,0.227670248696953,7.033133992981328
