,"Logit(1, 1, 1, 1)","XGBoost(1, 1, 1, 1)"
0,0.20373689128431074,0.2778244343383676
1,0.1478060089566865,0.24239770112199413
2,0.13908394924183135,0.17035852256571998
3,0.19668548177735024,0.25151916782095723
