,"Logit(1, 1, 1, 1)","XGBoost(1, 1, 1, 1)"
0,4.796526014026959,7.428686597684137
1,3.6932552719285168,5.697769657086292
2,2.057500497124008,3.3357279295871702
3,4.837134435681952,6.1850143777998285
