,"Logit(1, 1, 1, 1)","XGBoost(1, 1, 1, 1)"
0,0.7942901922097759,0.7946171715885947
1,0.7379296079429736,0.7449369908350305
2,0.7507478360488797,0.7665414969450102
3,0.7229611212073762,0.7771250792807242
