,"Logit(1, 1, 1, 1)","XGBoost(1, 1, 1, 1)"
0,0.8162243583046007,0.8780343398460627
1,0.8156584125657367,0.8896492877790548
2,0.8478563716783338,0.9225176749207676
3,0.7752622323550984,0.8725113332096179
