,"Logit(1, 1, 1, 1)","XGBoost(1, 1, 1, 1)"
0,5.448640623018562,11.105153438300798
1,9.205554494834242,11.336739640536393
2,9.320932782995689,10.988434126494287
3,6.6945866662801805,9.953622979824523
