,"Logit(1, 1, 1, 1)","XGBoost(1, 1, 1, 1)"
0,0.7564894494872096,0.7733452198514676
1,0.7546077449015678,0.7557674171873159
2,0.7472044658621433,0.7570347234766597
3,0.7342246799484887,0.7578446854259292
