,"Logit(1, 1, 1, 1)","XGBoost(1, 1, 1, 1)"
0,0.0,1.0
1,0.8935792886086511,0.5
2,0.0,0.2890648263178879
3,0.0,0.9190363645463819
