,"Logit(1, 1, 1, 1)","XGBoost(1, 1, 1, 1)"
0,2.1202170785147487,1.8868528072345416
1,1.3868528072345416,1.0177825608059992
2,2.9484591188793923,3.3046663059874146
3,2.917813498752873,1.9871369406794797
