,"Logit(1, 1, 1, 1)","XGBoost(1, 1, 1, 1)"
0,7.205093252903107,7.825301592952848
1,6.71659111809061,8.875144551716863
2,8.738873371307918,9.397498436775097
3,8.979238560080834,9.45549893996847
