,"Logit(1, 1, 1, 1)","XGBoost(1, 1, 1, 1)"
0,1.203315754870446,2.2389753268660817
1,1.8333412526863009,3.3885304640613954
2,3.23187659851327,5.062609900914685
3,1.2898986659500602,2.342474350152076
