,"Logit(1, 1, 1, 1)","XGBoost(1, 1, 1, 1)"
0,0.2471389873411726,0.21882979633317143
1,0.20143231929739247,0.31260889701227046
2,0.21774035262727914,0.24199206010583946
3,0.40461374775921033,0.31562163839585133
