,"Logit(1, 1, 1, 1)","XGBoost(1, 1, 1, 1)"
0,7.644841822610498,8.124866339081253
1,7.810684911399233,8.318200276424887
2,7.006708555138974,7.859017229526996
3,7.1825642383174175,8.319533899674077
