,"Logit(1, 1, 1, 1)","XGBoost(1, 1, 1, 1)"
0,3.4654542192238362,6.973012552807937
1,3.605292872930698,5.495080066741615
2,1.8835449346457676,3.5156514533092746
3,4.169431771878662,6.711231690246678
