,"Logit(1, 1, 1, 1)","XGBoost(1, 1, 1, 1)"
0,0.804465606355221,0.8447881870003822
1,0.7699473168137474,0.8128874374698776
2,0.7320720409405802,0.7919978279113393
3,0.756372282832272,0.8051990258511461
