,"Logit(1, 1, 1, 1)","XGBoost(1, 1, 1, 1)"
0,5.028429570614208,5.321882561800265
1,3.316261857919192,4.672835504902033
2,4.594151799139149,6.010565986489717
3,3.955139676431404,4.429590587892797
