,"Logit(1, 1, 1, 1)","XGBoost(1, 1, 1, 1)"
0,0.7821418342668024,0.7882605651731162
1,0.7310208757637474,0.7515585221486762
2,0.7644093686354378,0.7702965885947046
3,0.7667367342193794,0.7814232412332522
