,"Logit(1, 1, 0, 0)","XGBoost(1, 1, 0, 0)","Logit(1, 1, 1, 1)","XGBoost(1, 1, 1, 1)"
0,0.8275217641026791,0.8220956562998459,0.827395080301655,0.7634303981637462
1,0.8578994968022586,0.8657555850185074,0.8571658035933502,0.867922926760323
2,0.853407811807311,0.8078360033089338,0.8455814701095357,0.8359588494898095
3,0.7834451462942401,0.7439100601651764,0.7700885702282942,0.7620753305982314
