,"Logit(1, 1, 0, 0)","XGBoost(1, 1, 0, 0)","Logit(1, 1, 1, 1)","XGBoost(1, 1, 1, 1)"
0,0.594474444873028,0.5667099252392278,0.5935176736792163,0.5615759455201035
1,0.6136047153509955,0.6388794493302125,0.6046004937659972,0.718372846215136
2,0.5488889977940629,0.5327716150571715,0.555157928754819,0.5776700030930709
3,0.5840956725151314,0.6274111546099506,0.588893879767534,0.5693331443004547
