,"Logit(1, 1, 1, 1)","XGBoost(1, 1, 1, 1)"
0,0.8238950997805872,0.9013425974297357
1,0.8155974645630898,0.8770243443736288
2,0.8512259255389545,0.9271932574095357
3,0.746383535254456,0.8812111732633459
