,"Logit(1, 1, 0, 0)","XGBoost(1, 1, 0, 0)","Logit(1, 1, 1, 1)","XGBoost(1, 1, 1, 1)"
0,0.9011900810772367,0.9030866246266179,0.9193968991512966,0.9145132995116401
1,0.8482291024607652,0.8931297709923665,0.9049831681759992,0.9076383291451331
2,0.8957569148408844,0.9317438286903936,0.9193516407256865,0.8900069396252602
3,0.94289679785863,0.938534747695053,0.9557846733419253,0.9357093288390997
