,"Logit(1, 1, 0, 0)","XGBoost(1, 1, 0, 0)","Logit(1, 1, 1, 1)","XGBoost(1, 1, 1, 1)"
0,0.4901345190834208,0.6286888925238389,0.35329823605043437,0.6365966116706896
1,0.44945203460798316,0.6346401417133284,0.44145656348428813,0.6370389841815033
2,0.5397861435079451,0.6657324884154303,0.46732980696596826,0.6180931780032207
3,0.4251481777409594,0.590228135269683,0.3517749327466868,0.6012509150333419
