,"Logit(1, 1, 0, 0)","XGBoost(1, 1, 0, 0)"
0,0.9322916666666667,0.9309895833333333
1,0.9205729166666667,0.8919270833333334
2,0.9342105263157895,0.981578947368421
3,0.9107142857142856,0.9404761904761905
