,"Logit(1, 1, 0, 0)","XGBoost(1, 1, 0, 0)"
0,0.2559725117974187,0.2420147630572704
1,0.30489254446909375,0.24306271132251983
2,0.33073900863758016,0.22317800947040575
3,0.3601079055832263,0.27220109554122607
