,"Logit(1, 1, 0, 0)","XGBoost(1, 1, 0, 0)","Logit(1, 1, 1, 1)","XGBoost(1, 1, 1, 1)"
0,0.7606738571717346,0.8254208900054868,0.7467657165959167,0.8274224638308931
1,0.7712917641283318,0.8157739900083745,0.7459300730601519,0.8240600363856883
2,0.7843570417857866,0.8364015709376534,0.7741127378786565,0.8294619394149413
3,0.7571012780112045,0.8341831524276377,0.7375080240429506,0.8198565884687208
