,"Logit(1, 1, 0, 0)","XGBoost(1, 1, 0, 0)"
0,0.8947963800904978,0.8872105403247271
1,0.9402781474580783,0.9338235294117647
2,0.9211139206813947,0.9276683524088368
3,0.920814479638009,0.9412263774287996
