,"Logit(1, 1, 0, 0)","XGBoost(1, 1, 0, 0)"
0,1.8868528072345416,2.220186140567875
1,1.9045077394988195,1.6223981596512211
2,1.3054913050284243,1.2929528370578562
3,1.738893032100931,1.9812606296714004
