,"Logit(1, 1, 0, 0)","XGBoost(1, 1, 0, 0)"
0,2.3995023422717354,2.209619503724523
1,1.1495023422717352,2.419740496699055
2,1.5914125605928058,2.2132645445820742
3,1.6356963084211047,1.5714229015955443
