,"Logit(1, 1, 0, 0)","XGBoost(1, 1, 0, 0)"
0,0.5672708046429273,0.5609015345268542
1,0.7812684438323824,0.68752459177651
2,0.6097583260998676,0.6010096395449769
3,0.5560098679702132,0.6901411667961076
