,"Logit(1, 1, 1, 1)","XGBoost(1, 1, 1, 1)"
0,0.9426583850931678,0.9881242236024845
1,0.9745590062111801,0.9995527950310559
2,0.9234122042341221,0.972343295973433
3,0.9492987012987013,0.9943896103896104
