,"Logit(1, 1, 0, 0)","XGBoost(1, 1, 0, 0)","Logit(1, 1, 1, 1)","XGBoost(1, 1, 1, 1)"
0,6.230865393542162,5.625858139400944,6.472934092584098,4.963470867252567
1,4.396979510904705,4.230519677535152,2.23984541184154,4.1128073158503735
2,6.733442493189085,5.780856955994697,4.493773419212963,6.4901973900819
3,4.360954633475918,4.329626412978093,4.192696532248978,4.63420132993449
