,"Logit(1, 1, 0, 0)","XGBoost(1, 1, 0, 0)"
0,5.913350836384736,7.020988273649515
1,4.352055659823775,3.5557207352490385
2,6.533862246542128,6.474557924269939
3,3.2643677468152292,3.8623596444090955
