,"Logit(1, 1, 0, 0)","XGBoost(1, 1, 0, 0)"
0,9.289810601100529,11.016828962652694
1,9.437709424968848,10.469379286313272
2,10.090818952564636,11.268184126308292
3,8.51586792511274,10.484896113446728
