,"Logit(1, 1, 0, 0)","XGBoost(1, 1, 0, 0)"
0,1.9306765580733931,2.0207713800552622
1,1.7759476838070771,2.238893032100931
2,1.3622762789844631,2.136887778381273
3,1.9629671834087745,3.222590809594322
