,"Logit(1, 1, 0, 0)","XGBoost(1, 1, 0, 0)"
0,0.0,0.5
1,1.4306765580733931,0.6309297535714575
2,0.0,0.0
3,0.0,0.9190363645463819
