,"Logit(1, 1, 0, 0)","XGBoost(1, 1, 0, 0)"
0,0.23723203808506046,0.11484478814643354
1,0.2478634756453064,0.10517698140830403
2,0.19060140649519572,0.07940664104638674
3,0.21614667432805484,0.18554710045786754
