,"Logit(1, 1, 1, 1)","XGBoost(1, 1, 1, 1)"
0,0.7851851851851852,0.8903703703703704
1,0.7946428571428572,0.8601190476190477
2,0.7455357142857143,0.8764880952380952
3,0.8303571428571428,0.8630952380952381
