,"Logit(1, 1, 1, 1)","XGBoost(1, 1, 1, 1)"
0,0.5994755766085196,0.5882195434977064
1,0.6102255199674215,0.7053595174187989
2,0.5655722457713951,0.5446269363317398
3,0.5928137475228326,0.6124526143185945
