,"Logit(1, 1, 1, 1)","XGBoost(1, 1, 1, 1)"
0,18.31155734492285,17.613405046878192
1,18.69450457244413,18.989013154885654
2,18.83291571409685,18.791777983981053
3,17.130124854379563,16.41998989719609
