,"Logit(1, 1, 1, 1)","XGBoost(1, 1, 1, 1)"
0,0.3974804714775487,0.4595713252754792
1,0.4687175592029186,0.4405556527221298
2,0.6327020086077959,0.6058436099165811
3,0.5556458098164467,0.46912555332169126
