,"Logit(1, 1, 1, 1)","XGBoost(1, 1, 1, 1)"
0,0.7028346901748437,0.9415741121623471
1,0.8763546798029556,0.8697449795010768
2,0.9002480425557347,0.7241409175619702
3,0.6272914742371756,0.7567886173655405
