,"Logit(1, 1, 1, 1)","XGBoost(1, 1, 1, 1)"
0,0.4509711874802324,0.4941105910590909
1,0.5421279311370022,0.566078803586981
2,0.3410386765285578,0.3534939642098502
3,0.41122547267323606,0.4129104076593221
