,"Logit(1, 1, 1, 1)","XGBoost(1, 1, 1, 1)"
0,0.4677717769509314,0.5006300830779231
1,0.5119429314393379,0.5528388978170424
2,0.4928648298676084,0.5178770818584395
3,0.484530762303011,0.42347554165857304
