,"Logit(1, 1, 1, 1)","XGBoost(1, 1, 1, 1)"
0,0.8222976796830787,0.9756649688737974
1,0.9514508928571429,0.9888392857142856
2,0.8381696428571428,0.9598214285714286
3,0.8064516129032259,0.9763824884792627
