,"Logit(1, 1, 1, 1)","XGBoost(1, 1, 1, 1)"
0,0.880701754385965,0.8942982456140353
1,0.8973684210526316,0.9144736842105263
2,0.8603603603603603,0.8783783783783784
3,0.8693693693693694,0.9036036036036036
