,"Logit(1, 1, 1, 1)","XGBoost(1, 1, 1, 1)"
0,0.712280701754386,0.7076023391812867
1,0.7023593466424682,0.5831820931639443
2,0.5698729582577133,0.5680580762250453
3,0.7102238354506958,0.6282516636418634
