,"Logit(1, 1, 1, 1)","XGBoost(1, 1, 1, 1)"
0,0.6087768440709618,0.6125116713352007
1,0.675,0.6640909090909091
2,0.8061904761904761,0.7723809523809524
3,0.7285714285714285,0.6604761904761904
