,"Logit(1, 1, 1, 1)","XGBoost(1, 1, 1, 1)"
0,0.7964190476190476,0.7724190476190477
1,0.7923809523809523,0.8091428571428572
2,0.7603809523809524,0.7756952380952381
3,0.7660952380952382,0.7872000000000001
