,"Logit(1, 1, 1, 1)","XGBoost(1, 1, 1, 1)"
0,0.9187432286023836,0.9880823401950163
1,0.8884073672806068,0.8504875406283857
2,0.9783315276273022,0.8970747562296858
3,0.9317443120260022,0.9295774647887323
