,"Logit(1, 1, 1, 1)","XGBoost(1, 1, 1, 1)"
0,0.8325443482090578,0.9729460503654053
1,0.9463224613619863,0.9845822132616487
2,0.8338668103248384,0.9489363927790713
3,0.8074389219109375,0.9625195667059993
