,"Logit(1, 1, 1, 1)","XGBoost(1, 1, 1, 1)"
0,6.548623531192701,7.282719626966911
1,6.66568373026673,7.104183753194406
2,6.3108184366582725,7.6017602844157715
3,7.3421334556878115,7.1283348140974345
