,"Logit(1, 1, 1, 1)","XGBoost(1, 1, 1, 1)"
0,5.333344702586296,5.9009718656533545
1,4.44584195005346,4.136644424544216
2,2.8827107108404437,3.0311913727391575
3,5.470061370942329,3.0546602919771146
