,"Logit(1, 1, 1, 1)","XGBoost(1, 1, 1, 1)"
0,0.9821238457626089,0.9853037006057606
1,0.997597214106648,0.9901579837539211
2,0.9947453844593224,0.9851688007348486
3,0.9996505939902166,0.9982703750503679
