,"Logit(1, 1, 1, 1)","XGBoost(1, 1, 1, 1)"
0,0.6193514792899407,0.8157538461538462
1,0.6193041420118344,0.9040852071005916
2,0.6459171597633137,0.903119526627219
3,0.6200710059171598,0.8440520710059172
