,"Logit(1, 1, 1, 1)","XGBoost(1, 1, 1, 1)"
0,10.238331852048603,10.395345698908582
1,10.846514655043237,12.367007844782893
2,10.1712549264543,9.399730502729406
3,10.336358014003585,10.869305028522637
