,"Logit(1, 1, 1, 1)","XGBoost(1, 1, 1, 1)"
0,0.5615187312105606,0.5973656227891427
1,0.49934651146910786,0.4248109196332097
2,0.3707209429500258,0.38274759598596064
3,0.6110158880095442,0.4237074345563894
