,"Logit(1, 1, 1, 1)","XGBoost(1, 1, 1, 1)"
0,0.7384502923976608,0.73828320802005
1,0.7972098922003805,0.8013105051786091
2,0.6782287042908476,0.6942929613189601
3,0.7099344747410695,0.6993658845909956
