,"Logit(1, 1, 1, 1)","XGBoost(1, 1, 1, 1)"
0,8.889157381383244,9.728379203289293
1,10.68234885567215,10.582623931909554
2,6.428967461807351,7.065283010314315
3,8.263491146845407,8.634670006899208
