,"Logit(1, 1, 1, 1)","XGBoost(1, 1, 1, 1)"
0,0.6019161338896001,0.6501498573895216
1,0.590749616634606,0.6322765315729895
2,0.6251327140904046,0.6076745324751873
3,0.5519825580572332,0.600649617329317
