,"Logit(1, 1, 1, 1)","XGBoost(1, 1, 1, 1)"
0,0.8253903681040657,0.7732805815174006
1,0.8568501289140366,0.8684309628527302
2,0.8488313126881987,0.8410112987580066
3,0.776231612773083,0.7520028520252703
