,"Logit(1, 1, 1, 1)","XGBoost(1, 1, 1, 1)"
0,3.728094461302617,4.791710442502814
1,4.8225022837394755,4.8225022837394755
2,4.750860270100373,3.8225022837394755
3,3.1388498096867785,4.021472288075494
