,"Logit(1, 1, 1, 1)","XGBoost(1, 1, 1, 1)"
0,0.7738885595792151,0.9644682492775029
1,0.7772485991847545,0.9866239487685841
2,0.9467113172761482,0.9837787388179878
3,0.7890983007276756,0.9652737282972972
