,"Logit(1, 1, 1, 1)","XGBoost(1, 1, 1, 1)"
0,15.484516974477375,15.212067147727232
1,14.959122411962023,15.219204005361195
2,14.47684641592487,15.14081158640466
3,15.216213930304708,15.346561515427188
