,"Logit(1, 1, 1, 1)","XGBoost(1, 1, 1, 1)"
0,0.9840670859538785,0.9865828092243186
1,0.9985160059359763,0.9932160271358915
2,0.9963960144159423,0.9874920500317999
3,0.9997880008479966,0.9989400042399831
