,"Logit(1, 1, 1, 1)","XGBoost(1, 1, 1, 1)"
0,0.9333615434989888,0.9094354451904464
1,0.9062948837755447,0.932689446004452
2,0.8743987653855666,0.9105987749407084
3,0.9115892067393143,0.9303345596994388
