,"Logit(1, 1, 1, 1)","XGBoost(1, 1, 1, 1)"
0,9.92857738727062,12.280889855051797
1,9.697341592078072,12.354137314407689
2,11.248468376290004,12.00127382930021
3,9.3712777870995,11.952949341930202
