,"Logit(1, 1, 1, 1)","XGBoost(1, 1, 1, 1)"
0,0.9464285714285714,0.952516233766234
1,0.9214015151515152,0.9337121212121212
2,0.9006151742993849,0.9192071086807929
3,0.9340734649122807,0.9374999999999999
