,"Logit(1, 1, 1, 1)","XGBoost(1, 1, 1, 1)"
0,7.435207871038531,8.751939162289943
1,8.527473533364699,9.157785994750377
2,7.641938296080473,8.733800470435249
3,7.385146907100572,8.327852575578218
