,"Logit(1, 1, 1, 1)","XGBoost(1, 1, 1, 1)"
0,0.570265832060278,0.8099556762040399
1,0.5556401456466376,0.9082655686013249
2,0.6280063026438485,0.9016403976538515
3,0.5855545648120106,0.8454139083673742
