,"Logit(1, 1, 1, 1)","XGBoost(1, 1, 1, 1)"
0,4.963493860414365,6.21680524411639
1,5.4633265211697895,5.772328875904541
2,5.381392503804009,5.693553963743098
3,5.3168051147432,4.243687397308424
