,"Logit(1, 1, 1, 1)","XGBoost(1, 1, 1, 1)"
0,14.139131159228077,14.75893733998787
1,13.711986483478913,15.192810969764881
2,14.341554426680467,14.752447573461938
3,12.85688071931495,14.062984761477537
