,"Logit(1, 1, 1, 1)","XGBoost(1, 1, 1, 1)"
0,0.9246870808040841,0.9395682342382337
1,0.9347912102759093,0.9450207969427047
2,0.9244940697348992,0.919552986363768
3,0.9235180713506776,0.9280456457392117
