,"Logit(1, 1, 1, 1)","XGBoost(1, 1, 1, 1)"
0,12.71521370922197,12.891686446844043
1,13.072316131915496,12.896024697526615
2,13.073157765449405,13.067977881232924
3,13.24774119549745,13.246081474786935
