,"Logit(1, 1, 1, 1)","XGBoost(1, 1, 1, 1)"
0,29.141077358322846,38.839028087042465
1,28.934594508087194,43.07511943862346
2,31.36987507187736,42.782045028968916
3,29.400592743238725,39.89382420401028
