,"Logit(1, 1, 1, 1)","XGBoost(1, 1, 1, 1)"
0,0.7076465201465202,0.6952838827838828
1,0.7504578754578755,0.7701465201465201
2,0.7465659340659341,0.7811355311355311
3,0.7392120075046904,0.7263133208255159
