,"Logit(1, 1, 1, 1)","XGBoost(1, 1, 1, 1)"
0,0.8651370431893688,0.8388012181616833
1,0.8968852573503737,0.8955234304071513
2,0.872093023255814,0.8690551016132412
3,0.834799916195265,0.8229275787415323
