,"Logit(1, 1, 1, 1)","XGBoost(1, 1, 1, 1)"
0,7.785898031279534,8.011166996117456
1,7.927943500823766,8.009023594152488
2,7.369260233768175,7.6901490130061
3,7.667765665399461,8.073089335999816
