,"Logit(1, 1, 1, 1)","XGBoost(1, 1, 1, 1)"
0,0.7621537920844816,0.879129293841037
1,0.762957416680112,0.8730590123145074
2,0.7836476037555331,0.9010353545324483
3,0.8688471104432027,0.8793326438486992
