,"Logit(1, 1, 1, 1)","XGBoost(1, 1, 1, 1)"
0,2.621483663088853,3.5391278854727135
1,3.21833756613919,3.4128779634665194
2,4.976727167734167,4.32729873332067
3,4.191180346268658,3.74793860378751
