,"Logit(1, 1, 1, 1)","XGBoost(1, 1, 1, 1)"
0,0.95,0.9918518518518519
1,0.9366666666666668,0.9955555555555556
2,0.9801242236024844,0.9944099378881988
3,0.9414210128495843,0.9896699420508944
