,"Logit(1, 1, 1, 1)","XGBoost(1, 1, 1, 1)"
0,0.8735870447206642,0.8887016815801264
1,0.869719372843539,0.8968408856936662
2,0.8018299702867973,0.8482808194230528
3,0.8898968139948308,0.9106027260761147
