,"Logit(1, 1, 1, 1)","XGBoost(1, 1, 1, 1)"
0,0.0,1.3154648767857289
1,0.0,1.6309297535714575
2,0.0,2.509285938032494
3,0.0,1.0
