,"Logit(1, 1, 1, 1)","XGBoost(1, 1, 1, 1)"
0,0.8499248536623951,0.3095831355798133
1,0.8759294415440596,0.8719348204398039
2,0.7024205030849549,0.8195499129884513
3,0.6525257688048386,0.643496038844876
