,"Logit(1, 1, 1, 1)","XGBoost(1, 1, 1, 1)"
0,0.04323582941395078,0.057278709553606144
1,0.06864212281243726,0.2069917986231724
2,0.04097026611543204,0.21074143470456833
3,0.016193361432673987,0.09372804570449501
