,"Logit(1, 1, 1, 1)","XGBoost(1, 1, 1, 1)"
0,1.430207876620086,1.855675339138246
1,2.1797175516816396,2.1098019663276557
2,2.0033476796842518,3.185560330667405
3,2.89448567939303,4.000686818548527
