,"Logit(1, 1, 1, 1)","XGBoost(1, 1, 1, 1)"
0,0.18313170366904413,0.18871913948083086
1,0.22022711559098437,0.1950278916092059
2,0.2606622264051311,0.3438227855248178
3,0.3130624364615982,0.4699208758818729
