,"Logit(1, 1, 1, 1)","XGBoost(1, 1, 1, 1)"
0,0.9209615475795363,0.9132331326158076
1,0.8959745863164383,0.8469963491536674
2,0.9089917715871915,0.929438881728958
3,0.9461187667294537,0.9505799543967484
