,"Logit(1, 1, 1, 1)","XGBoost(1, 1, 1, 1)"
0,0.12190389079520769,0.0977152484379701
1,0.09513291598891138,0.043594881706296024
2,0.09185906262013395,0.05949124499321086
3,0.10183412087837795,0.0805588288441898
