,"Logit(1, 1, 1, 1)","XGBoost(1, 1, 1, 1)"
0,0.7486384533773429,0.7451078627843922
1,0.7446879052222091,0.6375736767652953
2,0.7220315477265709,0.7033281278224843
3,0.7226375624224272,0.7008996987407713
