,"Logit(1, 1, 1, 1)","XGBoost(1, 1, 1, 1)"
0,4.497538253777225,3.716821275534924
1,3.4623183922219476,0.8121779793558321
2,3.3950483331112533,1.7585132549238551
3,3.6294271309604307,3.3972987313925267
