,"Logit(1, 1, 1, 1)","XGBoost(1, 1, 1, 1)"
0,0.7352262024124206,0.7301522194877405
1,0.7824566737610216,0.8745819397993312
2,0.8073882639100031,0.7981681362116144
3,0.7392140468227424,0.7539145636971725
