,"Logit(1, 1, 1, 1)","XGBoost(1, 1, 1, 1)"
0,4.634983877261968,5.629639456778135
1,6.806290027071628,5.8877586582968275
2,5.515040497243879,4.810315247671694
3,5.77234111254849,5.245283508728674
