,"Logit(1, 1, 1, 1)","XGBoost(1, 1, 1, 1)"
0,0.24461391790422,0.29864870784126596
1,0.41976147400811437,0.3437470300011811
2,0.31103581464309865,0.27324396638644544
3,0.30388398412731327,0.3130317054279174
