,"Logit(1, 1, 1, 1)","XGBoost(1, 1, 1, 1)"
0,0.05956760343774306,0.0766540731596734
1,0.06447303600738748,0.08421922377111575
2,0.08798637854980532,0.11026000885650965
3,0.051109460870184725,0.08298802953616677
