,"Logit(1, 1, 1, 1)","XGBoost(1, 1, 1, 1)"
0,0.7182708345276215,0.6917740161112885
1,0.7123034884133574,0.7283492617251801
2,0.7195285359801489,0.7517066446098704
3,0.6732285635511441,0.7404383788254756
