,"Logit(1, 1, 1, 1)","XGBoost(1, 1, 1, 1)"
0,1.0010255249162145,3.0438456657942
1,1.476266790174038,3.1116953856800316
2,3.049827454505593,3.649054434492921
3,1.3173604720822114,2.637833433615819
