,"Logit(1, 1, 1, 1)","XGBoost(1, 1, 1, 1)"
0,0.007614602006228504,0.04241297815535524
1,0.05552208909551366,0.03170009850101156
2,0.008992543636374986,0.06726944797813794
3,0.014784523763762374,0.04408897019891116
