,"Logit(1, 1, 1, 1)","XGBoost(1, 1, 1, 1)"
0,0.0,0.6309297535714575
1,0.9284452879228651,0.43067655807339306
2,0.0,0.9306765580733931
3,0.0,0.5900948219818691
