,"Logit(1, 1, 1, 1)","XGBoost(1, 1, 1, 1)"
0,0.6021911272870352,0.41908075939405864
1,0.7460530198701554,0.7218547117843793
2,0.5954360637763261,0.5136940929233862
3,0.5470784412261867,0.6941157659098177
