,"Logit(1, 1, 1, 1)","XGBoost(1, 1, 1, 1)"
0,3.8589141158527944,6.998240697629016
1,5.34224494136671,7.237965956008392
2,2.8687295580438024,6.299847348427339
3,2.352627750465363,7.033133992981328
