,"Logit(1, 1, 1, 1)","XGBoost(1, 1, 1, 1)"
0,0.9680155021087428,0.9897868460047874
1,0.9925225122535051,0.9964664310954063
2,0.9673087883278241,0.9776815228542118
3,0.9769064174170752,0.9845662829134846
