,"Logit(1, 1, 1, 1)","XGBoost(1, 1, 1, 1)"
0,0.9220372670807454,0.9946335403726708
1,0.974111801242236,0.9985093167701864
2,0.9226857617268577,0.981579493565795
3,0.9615064935064934,0.9974545454545455
