,"Logit(1, 1, 1, 1)","XGBoost(1, 1, 1, 1)"
0,7.67482212399824,8.100272975354068
1,7.584134828145821,8.23612738764674
2,6.906886697084418,8.290061999589028
3,7.398601259595621,7.877489861698602
