,"Logit(1, 1, 1, 1)","XGBoost(1, 1, 1, 1)"
0,0.7892881478400144,0.8663386527321293
1,0.8314497993745458,0.8889910675912329
2,0.7360609317962403,0.8779232441128132
3,0.7761386049362851,0.8662357674169301
