,"Logit(1, 1, 1, 1)","XGBoost(1, 1, 1, 1)"
0,0.4215833722196,0.912627620319436
1,0.6196570716754828,0.9556396872914604
2,0.3656015733939963,0.8372267878191332
3,0.3196460147853892,0.9548736210026533
