,"Logit(1, 1, 1, 1)","XGBoost(1, 1, 1, 1)"
0,3.67929047743275,6.087629083955186
1,2.9866372193444235,5.673389559567241
2,2.2346411007172184,4.3395816799321
3,4.200620569563713,5.593905417280139
