,"Logit(1, 1, 1, 1)","XGBoost(1, 1, 1, 1)"
0,0.7868159079955461,0.8432592112479433
1,0.7839324591580663,0.8254308553954562
2,0.7646204604169753,0.8012415461322013
3,0.7815240822102647,0.8102096394661928
