,"Logit(1, 1, 1, 1)","XGBoost(1, 1, 1, 1)"
0,0.1765419861537166,0.25462662180104134
1,0.1629595455293688,0.23460377038992258
2,0.14333591460581063,0.19494695191279515
3,0.19930277506128466,0.23747321986438857
