,"Logit(1, 1, 1, 1)","XGBoost(1, 1, 1, 1)"
0,0.923307794578118,0.9234015691483825
1,0.886176002043882,0.8934425134213165
2,0.9159769097983632,0.9165997333257055
3,0.9070819619694891,0.9164478234385388
