,"Logit(1, 1, 1, 1)","XGBoost(1, 1, 1, 1)"
0,0.9865444180609505,0.9794917898531826
1,0.9666607189425861,0.9643182306893413
2,0.987150628399925,0.9801757781224407
3,0.9764790388477885,0.9852290560046849
