,"Logit(1, 1, 1, 1)","XGBoost(1, 1, 1, 1)"
0,21.97859758120981,22.12508650479715
1,21.081309979034085,21.63609306650117
2,22.34487989716309,22.3138048428333
3,21.671766610808266,22.115750488431456
