,"Logit(1, 1, 1, 1)","XGBoost(1, 1, 1, 1)"
0,0.13600399402391486,0.16585063317679313
1,0.08615418470348392,0.10460864713117035
2,0.10565282897857167,0.13129222369616084
3,0.12101949636670065,0.11488095063288863
