,"Logit(1, 1, 1, 1)","XGBoost(1, 1, 1, 1)"
0,0.7839971041242363,0.792503341395112
1,0.726429639765784,0.7452663569246436
2,0.7470659368635438,0.7649702456720978
3,0.7874414587969575,0.7871662498991692
