,"Logit(1, 1, 1, 1)","XGBoost(1, 1, 1, 1)"
0,5.747929968689808,7.54270963782666
1,2.383855347805578,5.066883586481458
2,4.284241920701798,5.87703350713327
3,4.401099573620481,4.161041354607835
