,"Logit(1, 1, 0, 0)","XGBoost(1, 1, 0, 0)"
0,0.19795324457786403,0.2642243971947829
1,0.22091492087661968,0.19875898965910632
2,0.28347108604847693,0.3045805277649663
3,0.29915789609537075,0.30614858578748566
