,"Logit(1, 1, 0, 0)","XGBoost(1, 1, 0, 0)"
0,0.10849826932583122,0.08441213674573894
1,0.08054604045176712,0.06227984158179817
2,0.0717175980505326,0.07268824492114552
3,0.0875404117306345,0.0797823239664043
