,"Logit(1, 1, 0, 0)","XGBoost(1, 1, 0, 0)"
0,0.7196190476190476,0.7862857142857144
1,0.8537142857142858,0.809142857142857
2,0.7573333333333333,0.7253333333333333
3,0.7908571428571427,0.7302857142857142
