,"Logit(1, 1, 0, 0)","XGBoost(1, 1, 0, 0)"
0,9.299301959682621,11.373651674978538
1,9.454388204959654,10.98640834022012
2,10.087050955562393,10.721691292173627
3,8.37752453779586,10.403538610976819
