,"Logit(1, 1, 0, 0)","XGBoost(1, 1, 0, 0)"
0,0.8602201093581304,0.9105196252568524
1,0.8301553303381743,0.8844948281266326
2,0.847812837390729,0.9186518301814509
3,0.8699928421833992,0.8839019820966216
