,"Logit(1, 1, 0, 0)","XGBoost(1, 1, 0, 0)"
0,0.9427083333333334,0.9309895833333334
1,0.9114583333333333,0.7890625
2,0.9223684210526316,0.9894736842105263
3,0.9568452380952381,0.9419642857142857
