,"Logit(1, 1, 0, 0)","XGBoost(1, 1, 0, 0)"
0,0.8276578418174869,0.5798474348107894
1,0.8298432799853751,0.659158897143142
2,0.8192929193200704,0.6153757548830856
3,0.7890276612199898,0.624380872455612
