,"Logit(1, 1, 0, 0)","XGBoost(1, 1, 0, 0)"
0,0.7915056962830957,0.7999976132892057
1,0.7399917260692465,0.7343328347759674
2,0.7658779913441955,0.7796254455193483
3,0.7719593766360299,0.7890318182609012
