,"Logit(1, 1, 0, 0)","XGBoost(1, 1, 0, 0)","Logit(1, 1, 1, 1)","XGBoost(1, 1, 1, 1)"
0,0.0480968765362724,0.007692307692307693,0.04642904456493775,0.21636689454586697
1,0.0789843959141325,0.007692307692307693,0.07820163378835371,0.3773138940641747
2,0.053815193030771126,0.007692307692307693,0.049871136058010454,0.31951195379356634
3,0.026702191092246873,0.007146783947223749,0.020917204087641722,0.11235298660079368
