,"Logit(1, 1, 0, 0)","XGBoost(1, 1, 0, 0)","Logit(1, 1, 1, 1)","XGBoost(1, 1, 1, 1)"
0,0.0959387450911178,0.06758484740017255,0.09091807952416758,0.12027978169538281
1,0.05208104442306153,0.06908923768986588,0.06693963298174754,0.05973790087376588
2,0.062411642428140096,0.05284609807163141,0.09260484160044793,0.07209936145409408
3,0.06006740969595393,0.06575895684013795,0.09001355790365304,0.09477209749387515
