,"Logit(1, 1, 0, 0)","XGBoost(1, 1, 0, 0)","Logit(1, 1, 1, 1)","XGBoost(1, 1, 1, 1)"
0,3.115012235105386,2.6769800565401423,3.448000383849699,4.374294354348982
1,2.2396518644111807,2.4242997111469826,2.3151322461625874,1.8766820021661634
2,2.673403274484937,1.7115825737569879,3.1775486381081133,2.625183527617012
3,2.1376199195738432,2.3398177809732754,3.1538370724036118,3.9938199465687156
