,"Logit(1, 1, 0, 0)","XGBoost(1, 1, 0, 0)","Logit(1, 1, 1, 1)","XGBoost(1, 1, 1, 1)"
0,0.5726809954751131,0.5617868384812119,0.5856900452488688,0.5260058036592563
1,0.7604146173519575,0.6620843989769822,0.7146247294904584,0.6756221719457013
2,0.5902051258623052,0.5023299374114852,0.5948650006852757,0.5575974233633331
3,0.549522591255882,0.6605943624651652,0.5997076156973823,0.6351135273425008
