,"Logit(1, 1, 0, 0)","XGBoost(1, 1, 0, 0)","Logit(1, 1, 1, 1)","XGBoost(1, 1, 1, 1)"
0,0.94921875,0.9270833333333333,0.9479166666666666,0.9453125000000001
1,0.8372395833333334,0.87109375,0.8815104166666666,0.8665364583333334
2,0.9276315789473684,0.980263157894737,0.9605263157894737,0.9644736842105264
3,0.919642857142857,0.9434523809523809,0.9568452380952381,0.9345238095238095
