,"Logit(1, 1, 0, 0)","XGBoost(1, 1, 0, 0)","Logit(1, 1, 1, 1)","XGBoost(1, 1, 1, 1)"
0,0.7182462663139763,0.7107515962514366,0.7318434076658287,0.6787269297649369
1,0.7119131267965505,0.7163981906875552,0.7009857313274752,0.7176074927592014
2,0.7237386269644334,0.7486145574855252,0.7174276261373036,0.752812241521919
3,0.678588365039978,0.7381141439205955,0.6721560518334713,0.7285525227460712
