,"Logit(1, 1, 0, 0)","XGBoost(1, 1, 0, 0)","Logit(1, 1, 1, 1)","XGBoost(1, 1, 1, 1)"
0,3.56306384923228,2.989353592921212,3.0972170233436422,4.2811071363290205
1,2.937793755314267,4.860373357602886,4.363477292886357,4.894072623411755
2,3.880961889112001,4.114879900841692,4.111338975509519,3.6023852859828365
3,3.0712844228577882,5.954757913300902,4.038041659294576,5.47044196319993
