,"Logit(1, 1, 0, 0)","XGBoost(1, 1, 0, 0)","Logit(1, 1, 1, 1)","XGBoost(1, 1, 1, 1)"
0,0.06109075412039241,0.07686274916025301,0.06417532233942055,0.06635240230844315
1,0.07053185118588506,0.07322567348153389,0.061355067472004914,0.08507972837918135
2,0.09881443838465614,0.11381211948324346,0.07800636161575757,0.10214935770227707
3,0.05577448219404848,0.07382762066030879,0.05253302163336853,0.08408404369515712
