,"Logit(1, 1, 0, 0)","XGBoost(1, 1, 0, 0)","Logit(1, 1, 1, 1)","XGBoost(1, 1, 1, 1)"
0,0.8933324461006121,0.9170215597551237,0.9076390737290392,0.9055097151982966
1,0.915357998402981,0.9265704019164226,0.9364519563481501,0.901982965131754
2,0.9179531541123237,0.8731700825126432,0.9275019962736226,0.916056694170881
3,0.9254724514240086,0.9299640670747937,0.943039659302635,0.9345887676337503
