,"Logit(1, 1, 0, 0)","XGBoost(1, 1, 0, 0)","Logit(1, 1, 1, 1)","XGBoost(1, 1, 1, 1)"
0,0.7169523809523809,0.7634285714285713,0.6937142857142857,0.7588571428571428
1,0.7786666666666666,0.8935238095238095,0.7737142857142858,0.8506666666666667
2,0.7771428571428572,0.772952380952381,0.7649523809523809,0.7478095238095238
3,0.8217142857142857,0.7916190476190476,0.8045714285714286,0.7066666666666667
