,"Logit(1, 1, 0, 0)","XGBoost(1, 1, 0, 0)","Logit(1, 1, 1, 1)","XGBoost(1, 1, 1, 1)"
0,0.005559598164877607,0.046109661030440646,0.005917133452909021,0.08146547309026773
1,0.1816329910358603,0.03405418153176707,0.05455437205702004,0.026740371294234608
2,0.009624430595774499,0.013142856314000292,0.012667713472962467,0.01739946875482822
3,0.014066179241041213,0.07074931859889166,0.026110866840544967,0.07830680005803764
