,"Logit(1, 1, 0, 0)","XGBoost(1, 1, 0, 0)","Logit(1, 1, 1, 1)","XGBoost(1, 1, 1, 1)"
0,2.3214616684092224,1.8959424284605648,2.103922103559705,2.0192992968203454
1,1.4733021841196146,1.6532655522427882,1.667376494908926,1.5862943995617882
2,2.9184787028724597,3.109232169830169,2.9886461116956817,2.5817264557523694
3,1.7014066989684884,1.2774713093299774,2.026270329884025,1.6097033583936635
