,"Logit(1, 1, 0, 0)","XGBoost(1, 1, 0, 0)","Logit(1, 1, 1, 1)","XGBoost(1, 1, 1, 1)"
0,5.16279818104264,5.927947972579759,4.152137191121428,6.178581240016161
1,6.218861923600107,7.029954898221256,5.358665504443916,7.251238284966859
2,4.9831691615711335,6.320054830917737,3.347109729110259,6.194367112832258
3,4.765150720139435,6.7982539493174245,1.9940277481969528,7.254198722438831
