,"Logit(1, 1, 0, 0)","XGBoost(1, 1, 0, 0)","Logit(1, 1, 1, 1)","XGBoost(1, 1, 1, 1)"
0,0.9788441810099168,0.9867548159124586,0.9712527071697252,0.9913142596603214
1,0.9899236293172233,0.9970819560013677,0.9872563547247235,0.9976974809073293
2,0.9721190014818192,0.9530263307876439,0.9663285079220335,0.9661689273908582
3,0.9794597059158783,0.9862190812720848,0.9791405448535279,0.9762908925111137
