,"Logit(1, 1, 0, 0)","XGBoost(1, 1, 0, 0)","Logit(1, 1, 1, 1)","XGBoost(1, 1, 1, 1)"
0,0.798627641293279,0.8076708884928717,0.7759618444501017,0.7911747390529531
1,0.7442440491344197,0.7513986125254583,0.7169034814154787,0.7482290605906312
2,0.7735472886965375,0.7739458693991853,0.7447190045824849,0.7797161405295316
3,0.7826205581046649,0.8010089411258575,0.7880662146281437,0.7902789574327755
