,"Logit(1, 1, 0, 0)","XGBoost(1, 1, 0, 0)","Logit(1, 1, 1, 1)","XGBoost(1, 1, 1, 1)"
0,0.8964346349745331,0.9694397283531409,0.898132427843803,0.9734012450481042
1,0.9659598214285715,0.9854910714285714,0.9564732142857143,0.9938616071428571
2,0.8577008928571429,0.9587053571428571,0.87109375,0.9838169642857142
3,0.8139400921658987,0.9674539170506913,0.8266129032258065,0.9170506912442397
