,"Logit(1, 1, 1, 1)","XGBoost(1, 1, 1, 1)"
0,0.6129022483651829,0.5246849727895644
1,0.49700472926930767,0.47602174811019926
2,0.35844370837286865,0.3792153841621922
3,0.4876919394592872,0.5864548636653201
