,"Logit(1, 1, 0, 0)","XGBoost(1, 1, 0, 0)","Logit(1, 1, 1, 1)","XGBoost(1, 1, 1, 1)"
0,0.7502289377289377,0.6549908424908425,0.7149725274725275,0.7406135531135531
1,0.7552655677655677,0.7838827838827839,0.7433608058608059,0.8024267399267399
2,0.7483974358974359,0.7852564102564102,0.7566391941391941,0.7441620879120878
3,0.7415572232645403,0.700046904315197,0.7448405253283302,0.725844277673546
