,"Logit(1, 1, 1, 1)","XGBoost(1, 1, 1, 1)"
0,0.8778483389819584,0.8897567473649464
1,0.87713554267149,0.9325827209898998
2,0.8988596700544175,0.8583880901444351
3,0.9015639853690168,0.8944029939982902
