,"Logit(1, 1, 0, 0)","XGBoost(1, 1, 0, 0)","Logit(1, 1, 1, 1)","XGBoost(1, 1, 1, 1)"
0,0.8797659460397684,0.9762925480825544,0.8774529456168354,0.9734898535755164
1,0.9736791610156234,0.9820644403594772,0.9547210426761745,0.9892645775097632
2,0.8290428623933069,0.948764416271753,0.8449684312656186,0.9743016099954268
3,0.8127402447035708,0.9393139533835253,0.8093199603669161,0.916225153131186
