,"Logit(1, 1, 1, 1)","XGBoost(1, 1, 1, 1)"
0,0.9777777777777777,0.9964197530864197
1,0.9524691358024692,0.9976543209876543
2,0.9632298136645964,0.993416149068323
3,0.9827412446460064,0.9819853867472915
