,"Logit(1, 1, 0, 0)","XGBoost(1, 1, 0, 0)","Logit(1, 1, 1, 1)","XGBoost(1, 1, 1, 1)"
0,0.881578947368421,0.887719298245614,0.8833333333333333,0.8894736842105263
1,0.8850877192982456,0.8184210526315789,0.8973684210526316,0.918421052631579
2,0.8801801801801802,0.9126126126126126,0.8855855855855856,0.8990990990990991
3,0.8765765765765766,0.8441441441441442,0.8792792792792793,0.8891891891891892
