,"Logit(1, 1, 0, 0)","XGBoost(1, 1, 0, 0)","Logit(1, 1, 1, 1)","XGBoost(1, 1, 1, 1)"
0,0.8749045695447679,0.8725811437883574,0.8763764821868933,0.85608866050908
1,0.8404567771529875,0.818313912502336,0.8662986677705111,0.9130209242103653
2,0.8326876517770717,0.9055256509066489,0.862544155384766,0.8909095766994694
3,0.9001749607033361,0.8463202047548423,0.8929281334570797,0.9007498825701145
