,"Logit(1, 1, 0, 0)","XGBoost(1, 1, 0, 0)","Logit(1, 1, 1, 1)","XGBoost(1, 1, 1, 1)"
0,7.789495719156198,7.7533291681101195,7.791663484372274,7.6106972648715745
1,7.6229709386457545,6.916022615982199,7.7102719238915585,8.056504658344476
2,7.5809456748558945,7.843921351152628,7.7281054544430186,7.62317509059133
3,7.88335283249668,7.554487290320852,7.465916578817361,8.057751893929957
