,"Logit(1, 1, 1, 1)","XGBoost(1, 1, 1, 1)"
0,0.8824561403508773,0.9035087719298246
1,0.906140350877193,0.9355263157894737
2,0.918018018018018,0.8855855855855855
3,0.8846846846846846,0.8756756756756757
