,"Logit(1, 1, 1, 1)","XGBoost(1, 1, 1, 1)"
0,11.116573291297811,12.354137314407689
1,10.873543349845896,12.358808423927643
2,10.719861260762206,12.167210524979287
3,11.7430979026446,11.359061334001714
