,"Logit(1, 1, 0, 0)","XGBoost(1, 1, 0, 0)","Logit(1, 1, 1, 1)","XGBoost(1, 1, 1, 1)"
0,2.8155541444658914,2.919611615589813,3.0614268761883285,3.882785769336817
1,3.1826246816816512,3.149157971719044,3.2318526781697945,3.660504291343191
2,4.401422186985564,3.8522044834458375,4.401422186985564,3.209818275968211
3,3.6424425562567873,2.6270219902906162,3.7453651084725634,2.118655905178826
