,"Logit(1, 1, 0, 0)","XGBoost(1, 1, 0, 0)","Logit(1, 1, 1, 1)","XGBoost(1, 1, 1, 1)"
0,5.820958015939057,4.788250778378129,6.031192265487607,4.5847431228109095
1,4.072543893629241,3.560655031993975,4.659986054720212,4.391963093846857
2,2.6233727395087683,3.4073085636408122,2.6917181099738494,3.0308002639311526
3,5.431479079180184,3.536186778626498,4.811276761573006,4.177436114836044
