,"Logit(1, 1, 0, 0)","XGBoost(1, 1, 0, 0)","Logit(1, 1, 1, 1)","XGBoost(1, 1, 1, 1)"
0,7.654025757217828,8.959731955258786,7.637574725969093,8.753885122798351
1,9.15573420938045,9.157971818429345,8.918579007593074,9.149957220752835
2,7.577678420411934,8.545870525121842,7.418011903585306,8.942447715713678
3,7.383726668875331,8.484862365801197,7.164882714637159,8.106666564664696
