,"Logit(1, 1, 0, 0)","XGBoost(1, 1, 0, 0)"
0,0.09966525516366803,0.07462917089678076
1,0.08227931229191855,0.058320859997514976
2,0.07256778473580042,0.08018497154722999
3,0.08234407210200093,0.08520285197477093
