,"Logit(1, 1, 0, 0)","XGBoost(1, 1, 0, 0)"
0,0.7294987582661931,0.7327546998180716
1,0.7238171041612521,0.7506569638164544
2,0.7591722255912674,0.7408963585434174
3,0.7418865983893557,0.8236351832399627
