,"Logit(1, 1, 0, 0)","XGBoost(1, 1, 0, 0)"
0,0.30049753117612915,0.37901523113110214
1,0.470786598340774,0.37273629880287384
2,0.34949007147516303,0.3644573455373563
3,0.2944782734612134,0.4864638435215514
