,"Logit(1, 1, 0, 0)","XGBoost(1, 1, 0, 0)"
0,2.3162570982565507,1.9958903302339919
1,1.3372815510342537,1.7989639967052498
2,3.189422396312623,2.3940447327781595
3,1.690112005223125,1.4420121144019056
