,"Logit(1, 1, 0, 0)","XGBoost(1, 1, 0, 0)"
0,0.9796876781032714,0.9896044682548729
1,0.9916334207226718,0.9982674113758122
2,0.9746722899806224,0.9768836201983357
3,0.97740795622934,0.9843383107260915
