,"Logit(1, 1, 1, 1)","XGBoost(1, 1, 1, 1)"
0,3.7597400388158566,4.330825926559466
1,3.473671722926491,2.696474431304532
2,3.7271706047624598,4.143255434965429
3,3.696023130037494,4.838762612274297
