,"Logit(1, 1, 1, 1)","XGBoost(1, 1, 1, 1)"
0,0.10566458871089827,0.11749100582042965
1,0.09232632020723486,0.09210996473897744
2,0.09971495032905817,0.11011442190406501
3,0.09968593535853865,0.12397095600036646
