,"Logit(1, 1, 1, 1)","XGBoost(1, 1, 1, 1)"
0,0.0,1.0
1,0.6572371827720034,0.6309297535714575
2,0.0,0.2890648263178879
3,0.0,0.6164948724497099
