,"Logit(1, 1, 1, 1)","XGBoost(1, 1, 1, 1)"
0,7.644841822610498,8.124866339081253
1,7.810684911399233,8.318200276424887
2,7.006708555138974,7.859017229526996
3,6.91618082110823,8.102471601445776
