,"Logit(1, 1, 1, 1)","XGBoost(1, 1, 1, 1)"
0,0.18607466203105846,0.27136760293568235
1,0.1883505865998192,0.24626786347979174
2,0.12957477116294522,0.20294955713424767
3,0.19960166675540744,0.26091502708899666
