,"Logit(1, 1, 1, 1)","XGBoost(1, 1, 1, 1)"
0,21.769431319574267,22.075086239085948
1,21.038860079527165,21.26002348468173
2,22.102437513059797,22.407714180864478
3,21.348796035938154,22.257941904460292
