,"Logit(1, 1, 1, 1)","XGBoost(1, 1, 1, 1)"
0,0.9770486478078062,0.974530015418331
1,0.9651394741296879,0.9727273975047009
2,0.986681673232039,0.9785584546897803
3,0.9697032085683829,0.9853754615205128
