,"Logit(1, 1, 1, 1)","XGBoost(1, 1, 1, 1)"
0,0.14334324982165222,0.12924160518306443
1,0.08518405879297368,0.10384033065083742
2,0.11807716562722034,0.1457609010628675
3,0.10265561216499386,0.10248066971208375
