,"Logit(1, 1, 0, 0)","XGBoost(1, 1, 0, 0)"
0,0.048438148933942056,0.007692307692307693
1,0.07768222244377737,0.007692307692307693
2,0.05381954300792312,0.007692307692307693
3,0.026442538214273968,0.007146783947223749
