,"Logit(1, 1, 0, 0)","XGBoost(1, 1, 0, 0)"
0,0.49320700328264766,0.6677550476647574
1,0.4512813089118813,0.6400686590416732
2,0.5444794244853061,0.6410604299986546
3,0.4104441952965651,0.5213462731196049
