,"Logit(1, 1, 0, 0)","XGBoost(1, 1, 0, 0)"
0,1.595891694854551,1.7896284591485747
1,2.1496095367509924,2.744742867294685
2,2.9834805641101063,3.144118826430166
3,2.135893800842788,3.4378436031920625
