,"Logit(1, 1, 0, 0)","XGBoost(1, 1, 0, 0)"
0,7.679316412656089,7.937352997609949
1,8.168569892587158,9.470395086639682
2,9.249441403894254,9.020617001116927
3,9.765406822473404,9.128237177834075
