,"Logit(1, 1, 0, 0)","XGBoost(1, 1, 0, 0)"
0,0.8923343092893266,0.9042454085706682
1,0.9362856002129358,0.8701424008517434
2,0.9054431727442107,0.9401783337769497
3,0.9186518498802234,0.9306960340697364
