,"Logit(1, 1, 0, 0)","XGBoost(1, 1, 0, 0)"
0,0.2776708738988039,0.2995610869239087
1,0.3279952268980014,0.3553280357289507
2,0.4035010115120281,0.41317538621727445
3,0.27765461805326624,0.48832822685174937
