,"Logit(1, 1, 0, 0)","XGBoost(1, 1, 0, 0)"
0,3.1951777953323828,3.659309690682335
1,3.440572948134088,3.907305329456972
2,4.611411224561048,4.708065892037398
3,2.7726042347122153,5.343122992266042
