,"Logit(1, 1, 0, 0)","XGBoost(1, 1, 0, 0)"
0,0.06178067139290186,0.05554057602279538
1,0.05329900752038528,0.053288199048361885
2,0.06566873277476196,0.05155632603041038
3,0.05350932266435716,0.0611433049712959
