,"Logit(1, 1, 0, 0)","XGBoost(1, 1, 0, 0)"
0,8.112427954099612,8.131765560174182
1,7.408555183413141,8.240359100102792
2,7.518997471915246,7.849046406421106
3,7.435122764981657,7.634270724059955
