,"Logit(1, 1, 0, 0)","XGBoost(1, 1, 0, 0)"
0,0.9798244614157072,0.9852274022569246
1,0.9916334207226718,0.9978342642197652
2,0.9731448763250884,0.9627721417987005
3,0.9767696341046392,0.9855009688817964
