,"Logit(1, 1, 0, 0)","XGBoost(1, 1, 0, 0)"
0,0.8280567050572536,0.6226379817520068
1,0.8299513054461451,0.7056887869571721
2,0.8191612775830577,0.6259070938441033
3,0.7889618403514834,0.6142485725099143
