,"Logit(1, 1, 0, 0)","XGBoost(1, 1, 0, 0)"
0,0.24270597378093128,0.13730701404006715
1,0.24692321584698612,0.13207940930020107
2,0.19048086145989596,0.10131817784853292
3,0.21636643953164805,0.15612990847296565
