,"Logit(1, 1, 0, 0)","XGBoost(1, 1, 0, 0)"
0,0.15541507488783798,0.15681651884006478
1,0.09650491089917332,0.09962174774547843
2,0.13636411533983492,0.140105978753462
3,0.11277015203414772,0.10533920023645402
