,"Logit(1, 1, 0, 0)","XGBoost(1, 1, 0, 0)"
0,0.7635002454590083,0.8096284905714863
1,0.771421713015103,0.8307235265240117
2,0.79291561985619,0.8106464235178608
3,0.7547888947245565,0.8115407621381887
