,"Logit(1, 1, 0, 0)","XGBoost(1, 1, 0, 0)"
0,0.2863827742047766,0.3007375245670556
1,0.3221967459644705,0.26307246466027534
2,0.26406823007325875,0.2789357847950548
3,0.3120084542624437,0.25792272786476605
