,"Logit(1, 1, 0, 0)","XGBoost(1, 1, 0, 0)"
0,0.7342235590799988,0.7863154376690062
1,0.7830191547582852,0.8759425357251445
2,0.7831103678929766,0.7791045910611127
3,0.6950212830647613,0.7357935542718153
