,"Logit(1, 1, 0, 0)","XGBoost(1, 1, 0, 0)"
0,0.2506852871343938,0.23593047322369148
1,0.2850544072481366,0.3516409628151698
2,0.3284853527737777,0.22301219591848773
3,0.2873544014639031,0.266067942330263
