,"Logit(1, 1, 0, 0)","XGBoost(1, 1, 0, 0)"
0,4.42398969689172,4.528126033312437
1,4.726959472270219,5.961506719059681
2,6.007392829400225,4.200095087126242
3,5.320033534479766,5.201436389314139
