,"Logit(1, 1, 0, 0)","XGBoost(1, 1, 0, 0)"
0,0.7303638552440852,0.7339944912605405
1,0.7086619331908377,0.7132398103333907
2,0.7298676592224981,0.7447394540942928
3,0.6869010201268266,0.7352329749103944
