,"Logit(1, 1, 0, 0)","XGBoost(1, 1, 0, 0)"
0,0.5564012394255361,0.6032977572299822
1,0.7863097580169192,0.6153477277198505
2,0.6130019644570333,0.5391635067842295
3,0.5485860477865594,0.6503038055644388
