,"Logit(1, 1, 0, 0)","XGBoost(1, 1, 0, 0)"
0,0.061519600537113854,0.05589348132587278
1,0.05308010112718677,0.05502640619508782
2,0.0660019898266318,0.06678833687853222
3,0.05375840135068921,0.052429605174719035
