,"Logit(1, 1, 0, 0)","XGBoost(1, 1, 0, 0)"
0,0.24396797347256463,0.10776229894947514
1,0.24537282079998946,0.13209195111434552
2,0.19138968051712657,0.09568379176023484
3,0.22416185729619093,0.22948333351768446
