,"Logit(1, 1, 0, 0)","XGBoost(1, 1, 0, 0)"
0,0.8287879543301591,0.5798474348107894
1,0.8289125990925862,0.6844202356616975
2,0.8134760000658209,0.6261539221010022
3,0.7931661483273271,0.7870077833177009
