,"Logit(1, 1, 0, 0)","XGBoost(1, 1, 0, 0)"
0,0.9265630821688431,0.9192223381073015
1,0.8924201694588432,0.9076069927375049
2,0.9269047692706007,0.9224127500286341
3,0.9042052541199019,0.9080828403229293
