,"Logit(1, 1, 0, 0)","XGBoost(1, 1, 0, 0)"
0,0.9818022518998404,0.9825949005128769
1,0.9722241285440429,0.9792607436485169
2,0.9886604352818993,0.9839411449826372
3,0.9725855671612429,0.9808437532884052
