,"Logit(1, 1, 0, 0)","XGBoost(1, 1, 0, 0)"
0,21.978800160802855,22.269525863353223
1,21.225743316416235,21.674133939281372
2,22.22227514201977,22.330492539897865
3,21.81597009621784,21.831187917045575
