,"Logit(1, 1, 0, 0)","XGBoost(1, 1, 0, 0)"
0,0.7948343622708758,0.7911317782586558
1,0.7451032650203666,0.7391022785132383
2,0.772934699592668,0.7433681262729124
3,0.7707881571600973,0.7373550210598073
