,"Logit(1, 1, 0, 0)","XGBoost(1, 1, 0, 0)"
0,0.15518111371250284,0.13798146128139122
1,0.09988033787858544,0.0978646961161857
2,0.14030254798875996,0.11091858110608448
3,0.11657219263430234,0.09134691851101137
