,"Logit(1, 1, 0, 0)","XGBoost(1, 1, 0, 0)"
0,6.4111795296295035,5.385094126413828
1,4.4640017087171655,3.8131065223138827
2,6.877974633047013,4.8396154816319905
3,4.462148246322733,3.5016309894061104
