,"Logit(1, 1, 1, 1)","XGBoost(1, 1, 1, 1)"
0,0.032363480673746135,0.03675213675213675
1,0.06658507149743222,0.05549450549450549
2,0.04259311047916827,0.2196814856245994
3,0.015780424762676208,0.09481226881774296
