,"Logit(1, 1, 1, 1)","XGBoost(1, 1, 1, 1)"
0,0.9105305580579395,0.9061685078943624
1,0.8829358494144421,0.9001943957138115
2,0.9271835035193814,0.9009120650342025
3,0.947754535540795,0.9308020224050759
