,"Logit(1, 1, 1, 1)","XGBoost(1, 1, 1, 1)"
0,0.7808919304844496,0.8998798453662105
1,0.8341866053703897,0.8658708598892488
2,0.8486748162853064,0.9182861421655695
3,0.7736539328225656,0.8634668575417761
