,"Logit(1, 1, 1, 1)","XGBoost(1, 1, 1, 1)"
0,0.7627401862548627,0.7808042555699635
1,0.7552413650831074,0.7742543911352116
2,0.7486874537476764,0.7525333162406111
3,0.7397545640481782,0.7380064447332078
