,"Logit(1, 1, 1, 1)","XGBoost(1, 1, 1, 1)"
0,4.199778435632789,2.9814336833606268
1,2.3488568672119676,3.1000121305336137
2,4.069878648639973,3.855552917351428
3,3.8041972310382857,3.1714110308877306
