,"Logit(1, 1, 1, 1)","XGBoost(1, 1, 1, 1)"
0,2.466327575426997,1.9463946303571862
1,1.4306765580733931,1.4484591188793923
2,2.8046663059874146,2.4463946303571866
3,2.8046663059874146,1.9484591188793923
