,"Logit(1, 1, 1, 1)","XGBoost(1, 1, 1, 1)"
0,0.725690533945537,0.7468144474284559
1,0.7569793381270034,0.8098883883450289
2,0.7460185104969822,0.7516225562389904
3,0.7409164186507937,0.813218516573296
