,"Logit(1, 1, 1, 1)","XGBoost(1, 1, 1, 1)"
0,7.171538728629701,7.706250603955279
1,6.977233518688324,9.184867112508734
2,8.06300798973495,9.682203412687443
3,9.093633532169482,9.437469213193046
