,"Logit(1, 1, 1, 1)","XGBoost(1, 1, 1, 1)"
0,3.856215508832802,3.9325479809745247
1,5.105256017695155,4.754868770726165
2,4.6419634916594505,3.520548086011883
3,4.383683224994567,5.219558516303779
