,"Logit(1, 1, 1, 1)","XGBoost(1, 1, 1, 1)"
0,0.3207288145522411,0.3123696664289782
1,0.44235117635835375,0.4209330128672662
2,0.3885444372055316,0.3482035454228783
3,0.4130178242967228,0.5059973459569113
