,"Logit(1, 1, 1, 1)","XGBoost(1, 1, 1, 1)"
0,2.3890948765725355,1.64527201342591
1,1.219741384391281,1.619037767632999
2,1.8553712444737582,1.4812606296714004
3,1.7677825608059992,2.0616063116448506
