,"Logit(1, 1, 1, 1)","XGBoost(1, 1, 1, 1)"
0,0.006423585278149107,0.01456230830166973
1,0.04651023096545719,0.0385476957370632
2,0.008538350646593116,0.017387022027288163
3,0.010517532725249887,0.04209441180765871
