,"Logit(1, 1, 1, 1)","XGBoost(1, 1, 1, 1)"
0,0.9333664596273292,0.9896149068322981
1,0.9666583850931677,0.9995527950310559
2,0.9153175591531755,0.980230386052304
3,0.9442597402597402,0.9950129870129871
