,"Logit(1, 1, 1, 1)","XGBoost(1, 1, 1, 1)"
0,0.7838141229633401,0.7771416751527495
1,0.7367680753564154,0.7470691191446028
2,0.7690841395112017,0.7678112270875762
3,0.7694587716509529,0.7690562390964292
