,"Logit(1, 1, 1, 1)","XGBoost(1, 1, 1, 1)"
0,0.7790499920898593,0.5354374307862679
1,0.8692453725676317,0.6058376839107735
2,0.6612086695143173,0.834420977693403
3,0.6819575773064146,0.645966436664111
