,"Logit(1, 1, 0, 0)","XGBoost(1, 1, 0, 0)"
0,0.8400767283657649,0.5
1,0.8742683119759531,0.5
2,0.7954042081949058,0.5
3,0.7262117727234007,0.5
