,"Logit(1, 1, 0, 0)","XGBoost(1, 1, 0, 0)","Logit(1, 1, 1, 1)","XGBoost(1, 1, 1, 1)"
0,0.8422520170859041,0.5,0.8195499129884513,0.8872607182407847
1,0.8750593260560039,0.5,0.8770764119601329,0.9334163898117387
2,0.7944945420028476,0.5,0.7318066761588355,0.8485999050783103
3,0.7286395774767869,0.5,0.706618962432916,0.7413749041656019
