,"Logit(1, 1, 1, 1)","XGBoost(1, 1, 1, 1)"
0,0.4014594209776934,0.767263882297105
1,0.656937193482044,0.8614736592311343
2,0.4316168327796235,0.550031640563202
3,0.5198483686855779,0.6513970525598433
