,"Logit(1, 1, 1, 1)","XGBoost(1, 1, 1, 1)"
0,0.9247546346782988,0.8971125124460672
1,0.8896685790147457,0.9258925608079275
2,0.9180628531773571,0.901903440071379
3,0.9487459105779716,0.9205660751462279
