,"Logit(1, 1, 1, 1)","XGBoost(1, 1, 1, 1)"
0,9.595260335509133,11.408130113214074
1,9.296115058129981,11.527460135503611
2,9.095658090877933,10.888399489934972
3,6.29888282720942,10.133491015546747
