,"Logit(1, 1, 1, 1)","XGBoost(1, 1, 1, 1)"
0,0.16226331140997366,0.2444374642486418
1,0.20879770887099727,0.1779086346956889
2,0.3152725359518748,0.3629417140622678
3,0.3176925810488951,0.2734028789231965
