,"Logit(1, 1, 0, 0)","XGBoost(1, 1, 0, 0)"
0,1.5439337844949306,2.543721022511621
1,1.9304630337900663,1.8773120733764677
2,2.718914835629314,2.0546910853116933
3,2.521059930720242,3.4694517338089823
