,"Logit(1, 1, 1, 1)","XGBoost(1, 1, 1, 1)"
0,0.216030185980686,0.13326123322792915
1,0.2352510795878638,0.2514336814848408
2,0.26766030386519357,0.3492511874794861
3,0.2952453322050415,0.25950806604972854
