,"Logit(1, 1, 1, 1)","XGBoost(1, 1, 1, 1)"
0,8.808893100092199,11.377891465534878
1,9.370162913501597,11.187926416157861
2,9.89551816505286,10.768704874728114
3,7.914958503838204,10.408393816268331
