,"Logit(1, 1, 0, 0)","XGBoost(1, 1, 0, 0)","Logit(1, 1, 1, 1)","XGBoost(1, 1, 1, 1)"
0,1.1524258909164762,2.1926615400624914,1.3735861368082796,1.6062383744163053
1,2.135893800842788,1.9397869265052516,2.165516575837234,1.3580026413848605
2,2.745637860672584,2.2690181799152205,2.73295756560351,1.854760478737333
3,2.1203981594848993,4.018083258435489,3.115237828119199,2.7904827168386444
