,"Logit(1, 1, 0, 0)","XGBoost(1, 1, 0, 0)","Logit(1, 1, 1, 1)","XGBoost(1, 1, 1, 1)"
0,9.27712403533545,10.95423445797831,6.8283438693706255,11.239256216198116
1,9.422464891540887,11.134680714273774,8.931497264420754,11.18407205393269
2,10.084360672987431,10.863657205365703,9.472004573534198,10.585759331865892
3,8.4639149217249,10.198213398480672,7.608340803930101,10.395077101898929
