,"Logit(1, 1, 1, 1)","XGBoost(1, 1, 1, 1)"
0,0.45508832282450884,0.6777217507348863
1,0.4684653275957073,0.6614651219855282
2,0.5234818384236323,0.6466070433978276
3,0.3657451672632787,0.6064508245779735
