,"Logit(1, 1, 0, 0)","XGBoost(1, 1, 0, 0)"
0,9.343010387484203,10.993465623299379
1,9.446198974150215,10.791210113075122
2,10.20058781190539,10.668849257846999
3,8.518031497968192,10.757461171740012
