,"Logit(1, 1, 0, 0)","XGBoost(1, 1, 0, 0)"
0,9.279461849218734,11.503791427487958
1,9.435421015703977,11.115427803864618
2,10.110748033945484,10.782018187266267
3,8.33022899737162,9.781587808477259
