,"Logit(1, 1, 0, 0)","XGBoost(1, 1, 0, 0)"
0,0.9236641221374046,0.9106727988241431
1,0.8744014034422265,0.9182115594329334
2,0.9195994844849806,0.9041588182809557
3,0.9493407356002777,0.9071081590165561
