,"Logit(1, 1, 0, 0)","XGBoost(1, 1, 0, 0)"
0,0.8741597882492251,0.91129453557622
1,0.8357451328666456,0.8986086441681469
2,0.8479086128234596,0.9083342040190855
3,0.8058817811475483,0.882068343893322
