,"Logit(1, 1, 0, 0)","XGBoost(1, 1, 0, 0)"
0,1.549891809304746,2.4901105025676573
1,2.148567325775598,1.9657777448030642
2,2.6544559823593565,2.686538251172677
3,2.5170292305133626,2.8005297294976774
