,"Logit(1, 1, 1, 1)","XGBoost(1, 1, 1, 1)"
0,1.434304464108071,1.8688006685434206
1,2.22095331588202,1.1859014121436047
2,2.683305405931504,3.3771014901498897
3,2.518476028338842,3.9366836973653343
