,"Logit(1, 1, 0, 0)","XGBoost(1, 1, 0, 0)","Logit(1, 1, 1, 1)","XGBoost(1, 1, 1, 1)"
0,0.8629714763347613,0.8684655034305019,0.8563281440462509,0.8975202869780239
1,0.8383920175530247,0.8829014732002924,0.8236774283425625,0.8632936300630377
2,0.8490143837286247,0.9280552363041131,0.8439556995089333,0.9144028837112109
3,0.8556772089817343,0.8889654745809141,0.7876602776525896,0.9046508134284175
