,"Logit(1, 1, 0, 0)","XGBoost(1, 1, 0, 0)"
0,0.7795650123776966,0.7134474832016975
1,0.7139028056112224,0.745062183189909
2,0.7284296644193622,0.7043201855337299
3,0.7418086042432683,0.7081616777283772
