,"Logit(1, 1, 0, 0)","XGBoost(1, 1, 0, 0)","Logit(1, 1, 1, 1)","XGBoost(1, 1, 1, 1)"
0,0.7750913591889663,0.7153468702110102,0.7225981374513734,0.7376399858540612
1,0.5893183425674879,0.7273458682070022,0.6850126724036307,0.6636184132971826
2,0.6165238064715377,0.6979512041628548,0.7260784439407271,0.6980021909762081
3,0.7252947037811821,0.6922319404707102,0.7165133177556479,0.6955679348301119
