,"Logit(1, 1, 0, 0)","XGBoost(1, 1, 0, 0)"
0,0.7842331722268066,0.7349345750324179
1,0.7596796534244961,0.7331191795355416
2,0.6438177760426075,0.7177573960014685
3,0.7430322877637474,0.682317190422637
