,"Logit(1, 1, 1, 1)","XGBoost(1, 1, 1, 1)"
0,0.756672167865142,0.786875221030296
1,0.7539829659318638,0.7462189084050455
2,0.7400313496063818,0.7401639153211004
3,0.731483046156177,0.7320715796588837
