,"Logit(1, 1, 1, 1)","XGBoost(1, 1, 1, 1)"
0,0.09886917734582633,0.09557263192538659
1,0.08323065032250582,0.08465357522674123
2,0.0985803532557674,0.09401068833944264
3,0.09663580213142128,0.07004287599263838
