,"Logit(1, 1, 0, 0)","XGBoost(1, 1, 0, 0)"
0,3.1380354998298503,2.237926684359573
1,2.8929081095167044,1.6582574502484853
2,3.339878205272994,3.0439975327024116
3,3.2646177277531425,3.1664304912967944
