,"Logit(1, 1, 0, 0)","XGBoost(1, 1, 0, 0)"
0,0.5541208791208792,0.4644773629148629
1,0.44412627529475357,0.33947605204872644
2,0.5078056240098574,0.7535037878787878
3,0.7903242147922998,0.7457482993197277
