,"Logit(1, 1, 1, 1)","XGBoost(1, 1, 1, 1)"
0,0.5436135156403699,0.5472530985638402
1,0.7070012787723785,0.5566225654141255
2,0.6195577687422906,0.5051395678194527
3,0.5995477180318882,0.7139773402165471
