,"Logit(1, 1, 1, 1)","XGBoost(1, 1, 1, 1)"
0,0.9453125,0.947265625
1,0.8802083333333333,0.9114583333333333
2,0.9618421052631578,0.980263157894737
3,0.9613095238095237,0.8779761904761904
