,"Logit(1, 1, 0, 0)","XGBoost(1, 1, 0, 0)"
0,0.5785213427876471,0.5872061965811965
1,0.4355952380952381,0.3235126715389873
2,0.5284787009329344,0.8254901960784313
3,0.7990105132962275,0.7796660703637448
