,"Logit(1, 1, 0, 0)","XGBoost(1, 1, 0, 0)","Logit(1, 1, 1, 1)","XGBoost(1, 1, 1, 1)"
0,2.1202170785147487,1.4463946303571862,2.1202170785147487,1.9463946303571862
1,1.5,0.3333333333333333,1.648798210119062,0.8868528072345416
2,1.894939644978184,3.5666117088719353,2.9484591188793923,2.8204702740128136
3,2.8739897479140217,2.5177825608059994,2.894939644978184,2.9484591188793923
