,"Logit(1, 1, 1, 1)","XGBoost(1, 1, 1, 1)"
0,0.5406265609390609,0.49738704922528454
1,0.38302228417717543,0.36871595860566453
2,0.8051282051282052,0.876131221719457
3,0.8309523809523809,0.4921670117322291
