,"Logit(1, 1, 0, 0)","XGBoost(1, 1, 0, 0)"
0,2.4356819553004776,1.9463946303571862
1,1.5,0.6895405204413555
2,1.9484591188793923,2.9484591188793923
3,2.894939644978184,2.917813498752873
