,"Logit(1, 1, 0, 0)","XGBoost(1, 1, 0, 0)"
0,0.5340909090909092,0.4519586418483477
1,0.3616792929292929,0.39377672121480173
2,0.6454899267399268,0.9204545454545454
3,0.7283758847668622,0.6979166666666667
