,"Logit(1, 1, 1, 1)","XGBoost(1, 1, 1, 1)"
0,0.5520375457875458,0.5529204165717323
1,0.4162972137726696,0.3143713924963925
2,0.8737759216589862,0.7363095238095239
3,0.847069597069597,0.8495238095238093
