,"Logit(1, 1, 1, 1)","XGBoost(1, 1, 1, 1)"
0,0.59279706866024,0.5567455242966752
1,0.7384541609285855,0.6883730080661028
2,0.5409794874137694,0.5912558819498378
3,0.5187308693864497,0.6791653341861209
