,"Logit(1, 1, 1, 1)","XGBoost(1, 1, 1, 1)"
0,0.006522916867971762,0.0825561975320211
1,0.03915588954696335,0.04713824734216768
2,0.006583400992806869,0.12603752128817325
3,0.028156881066203183,0.05509472679862218
