,"Logit(1, 1, 0, 0)","XGBoost(1, 1, 0, 0)"
0,7.669822967954152,7.528655549988397
1,8.314543034698378,8.14017695225673
2,9.485412953887309,8.13331904288382
3,9.915913397108904,7.95240021093047
