,"Logit(1, 1, 0, 0)","XGBoost(1, 1, 0, 0)"
0,0.7304372780039852,0.7499693176239568
1,0.7679311415287764,0.8053726645297294
2,0.7621430015305091,0.7571652372289123
3,0.7421893236461252,0.8189411181139121
