,"Logit(1, 1, 1, 1)","XGBoost(1, 1, 1, 1)"
0,0.7262446215599642,0.7169153743971813
1,0.7576615697825522,0.8322233532588292
2,0.7449247740333247,0.745635883219267
3,0.7415036327030813,0.8174019607843137
