,"Logit(1, 1, 0, 0)","XGBoost(1, 1, 0, 0)"
0,0.7289428658061162,0.717752822778596
1,0.7210990066129546,0.7992831153079789
2,0.7595476334863843,0.7415063963729822
3,0.742342509920635,0.8204073295985062
