,"Logit(1, 1, 0, 0)","XGBoost(1, 1, 0, 0)"
0,0.7274340148430506,0.7358265471136909
1,0.7667543821652373,0.7574883046001906
2,0.7607604897629155,0.7304643506887291
3,0.7440348535247432,0.7866169905462185
