,"Logit(1, 1, 1, 1)","XGBoost(1, 1, 1, 1)"
0,0.22668786696328402,0.22860878839557533
1,0.24188077044384507,0.31318860770019896
2,0.31743815384007457,0.3062897404353789
3,0.30247793199643686,0.3406748204663459
