,"Logit(1, 1, 1, 1)","XGBoost(1, 1, 1, 1)"
0,0.7230590689884202,0.7063516128100724
1,0.7621592451413555,0.7990538999104796
2,0.7534039388951457,0.7499133674088192
3,0.7245145454014938,0.8209215978057889
