,"Logit(1, 1, 0, 0)","XGBoost(1, 1, 0, 0)"
0,1.2327402566115933,2.577944117144174
1,2.3279173257947834,1.9083817176606064
2,3.7413026728329943,2.49068557711562
3,1.55343738848275,1.8618463663931617
