,"Logit(1, 1, 0, 0)","XGBoost(1, 1, 0, 0)"
0,0.3045446221398443,0.33009967534873236
1,0.4698623026069645,0.39796328773464845
2,0.3594185429083327,0.3687148589880651
3,0.2934351694578028,0.44029588142742526
