,"Logit(1, 1, 1, 1)","XGBoost(1, 1, 1, 1)"
0,0.9223449560819803,0.9012177269097684
1,0.9442374234761779,0.9162064146925739
2,0.9168884748469524,0.9339566143199362
3,0.9356534468991217,0.9315278147458078
