,"Logit(1, 1, 1, 1)","XGBoost(1, 1, 1, 1)"
0,0.7145583044656824,0.7203645922904945
1,0.7138157984532945,0.7471357557591988
2,0.6981885856079404,0.763771712158809
3,0.681891370278467,0.7160049627791564
