,"Logit(1, 1, 0, 0)","XGBoost(1, 1, 0, 0)"
0,0.7316741599718285,0.706741517824239
1,0.7072533556085138,0.7103025439020328
2,0.7240281224152191,0.7290901571546733
3,0.6834463744141164,0.7161345464571272
