,"Logit(1, 1, 0, 0)","XGBoost(1, 1, 0, 0)"
0,1.2655436602011232,2.47192286563373
1,1.4606255847673306,2.7018132402177404
2,3.6981283894270227,2.0308791092931084
3,1.3991543394752264,2.1105818252772512
