,"Logit(1, 1, 1, 1)","XGBoost(1, 1, 1, 1)"
0,0.05974156227116853,0.07300106012520137
1,0.0712032383254196,0.09548155508735638
2,0.07878140391885838,0.12304246308313448
3,0.05597495428490251,0.09048159120221533
