,"Logit(1, 1, 0, 0)","XGBoost(1, 1, 0, 0)"
0,0.06213005624908244,0.0787557494587175
1,0.06350408623399428,0.060796818962424636
2,0.10038801114216744,0.09740412572784157
3,0.057316837973999224,0.07721061119216964
