,"Logit(1, 1, 0, 0)","XGBoost(1, 1, 0, 0)","Logit(1, 1, 1, 1)","XGBoost(1, 1, 1, 1)"
0,0.9809469705399894,2.164639181053774,1.0811092078807027,2.2222717498297673
1,2.049051323645557,2.5832848349760567,1.707197635970717,3.4901420058023684
2,3.5499651292819814,4.378355036673197,2.428829438355336,3.4457601517462315
3,1.5138973584529785,1.687134536058212,1.2366831281029003,3.1334396255945607
