,"Logit(1, 1, 0, 0)","XGBoost(1, 1, 0, 0)"
0,0.06104430082728081,0.07265689578841136
1,0.058235609008595215,0.07117058560804637
2,0.09401170120419135,0.06695999543220166
3,0.0599586969761299,0.0749301681649922
