,"Logit(1, 1, 1, 1)","XGBoost(1, 1, 1, 1)"
0,0.06342669547631881,0.07230704310488968
1,0.06594769662121434,0.10053306007962466
2,0.08711981019173026,0.13603481052579824
3,0.05578529041507638,0.06972766205162492
