,"Logit(1, 1, 1, 1)","XGBoost(1, 1, 1, 1)"
0,0.8912696300239553,0.8741682193239286
1,0.9420415224913495,0.898007053500133
2,0.9280010646792654,0.9406441309555496
3,0.9425738621240352,0.9471153846153846
