,"Logit(1, 1, 0, 0)","XGBoost(1, 1, 0, 0)"
0,0.06220421348099049,0.07558925812306012
1,0.07105672697476022,0.06721846168275243
2,0.10190321296448776,0.07919831931241605
3,0.05722826444870157,0.06966280119222722
