,"Logit(1, 1, 1, 1)","XGBoost(1, 1, 1, 1)"
0,1.2636124764727807,2.4414987686914853
1,1.4866514106068653,2.807593370462223
2,2.798614037832667,3.688902174580008
3,1.3276502262718006,2.431414486260638
