,"Logit(1, 1, 0, 0)","XGBoost(1, 1, 0, 0)"
0,1.2540871666525408,2.7111682231438996
1,1.5290388706844666,1.363674599594418
2,3.764318289568339,3.26785693455073
3,1.5338657711614911,2.1920713702647583
