,"Logit(1, 1, 1, 1)","XGBoost(1, 1, 1, 1)"
0,0.7306641334108597,0.7152462144477476
1,0.7120905638950992,0.7312237427216667
2,0.7162724014336918,0.7509429280397022
3,0.6882933553901297,0.7192666115246761
