,"Logit(1, 1, 1, 1)","XGBoost(1, 1, 1, 1)"
0,0.3381404495803175,0.3374443115942132
1,0.41964716172161487,0.36583260450127925
2,0.35544247271711543,0.35561831899426677
3,0.3991838044250822,0.5402488583900129
