,"Logit(1, 1, 0, 0)","XGBoost(1, 1, 0, 0)","Logit(1, 1, 1, 1)","XGBoost(1, 1, 1, 1)"
0,0.30843873197354826,0.23482765094622984,0.2713630176798343,0.26861397791776953
1,0.22795410353963994,0.3948802801858776,0.19321981880823677,0.30760362712792183
2,0.22819533506732237,0.265397197444009,0.21397731955226304,0.24285215933121343
3,0.3174278885972897,0.30001258496246225,0.40625934182702134,0.2828684654607784
