,"Logit(1, 1, 1, 1)","XGBoost(1, 1, 1, 1)"
0,2.147012864034508,1.3868528072345416
1,0.9961414348591218,2.038248650145197
2,1.2834209150924558,1.6516018019406724
3,2.8084050907707807,2.546439921424687
