,"Logit(1, 1, 1, 1)","XGBoost(1, 1, 1, 1)"
0,0.6735238095238095,0.740952380952381
1,0.796952380952381,0.8525714285714286
2,0.8007619047619048,0.7672380952380952
3,0.7634285714285715,0.7683809523809524
