,"Logit(1, 1, 1, 1)","XGBoost(1, 1, 1, 1)"
0,0.6742857142857143,0.6697142857142857
1,0.7798095238095237,0.8297142857142856
2,0.7740952380952381,0.7390476190476191
3,0.7927619047619048,0.6975238095238094
