,"Logit(1, 1, 1, 1)","XGBoost(1, 1, 1, 1)"
0,0.2678320999306498,0.24503975372816947
1,0.191511388565152,0.42997090097981705
2,0.22537548269728847,0.21649594668561475
3,0.3639516135470202,0.2369396011896055
