,"Logit(1, 1, 0, 0)","XGBoost(1, 1, 0, 0)"
0,0.305802360501642,0.30449994656117485
1,0.194964618025595,0.3472925923433893
2,0.22616938348946844,0.23984175072216324
3,0.2645830962376379,0.25113231017227255
