,"Logit(1, 1, 0, 0)","XGBoost(1, 1, 0, 0)","Logit(1, 1, 1, 1)","XGBoost(1, 1, 1, 1)"
0,2.180676558073393,1.52665942644392,2.0057095293797573,1.64527201342591
1,1.200914712500713,2.35056327588259,0.6933260931105867,1.7515337552454515
2,1.2412548817964368,2.094988969245543,1.5772261749011165,1.7767294048650777
3,2.0932710900849947,2.1390948765725355,2.8518549974387377,1.9234281553152024
