,"Logit(1, 1, 1, 1)","XGBoost(1, 1, 1, 1)"
0,0.25038979417056284,0.2971500511918744
1,0.21063852477723524,0.26103574222893466
2,0.23011538013798327,0.23283438084846203
3,0.39889519570059484,0.30259574035502385
