,"Logit(1, 1, 0, 0)","XGBoost(1, 1, 0, 0)"
0,0.7333333333333333,0.7653333333333333
1,0.752,0.900952380952381
2,0.7695238095238095,0.7931428571428571
3,0.7817142857142858,0.6727619047619048
