,"Logit(1, 1, 0, 0)","XGBoost(1, 1, 0, 0)"
0,0.005184341787165952,0.03488769063228752
1,0.13537224612937432,0.03252267753854852
2,0.011694941004039259,0.00954616773044838
3,0.008091915088155054,0.044652790810548
