,"Logit(1, 1, 0, 0)","XGBoost(1, 1, 0, 0)"
0,1.904397521049868,2.3784347250031614
1,1.4756088337674935,2.659709573411034
2,2.774407610660703,2.427486511337637
3,1.5568468050803514,1.4191830279405566
