,"Logit(1, 1, 0, 0)","XGBoost(1, 1, 0, 0)"
0,0.550124660469488,0.5116440047474531
1,0.5105165221140191,0.5158532410225198
2,0.5414685407790627,0.5579803522519781
3,0.4987732045039562,0.516703597332116
