,"Logit(1, 1, 0, 0)","XGBoost(1, 1, 0, 0)"
0,0.06160527400456128,0.05307004624260158
1,0.05324816516808248,0.05576087465647142
2,0.065382027427184,0.06825857980125884
3,0.053805016817709835,0.05365756928475157
