,"Logit(1, 1, 0, 0)","XGBoost(1, 1, 0, 0)","Logit(1, 1, 1, 1)","XGBoost(1, 1, 1, 1)"
0,0.5490094869405214,0.49796958762476,0.5275631068734518,0.5092599230530264
1,0.5100204148914588,0.5110482919963482,0.5230761183810103,0.5027602898660987
2,0.5505522164739298,0.5442755883546359,0.5522228139582066,0.5948270123250152
3,0.50091454909718,0.5154363841550011,0.5025423513897342,0.5356388846622033
