,"Logit(1, 1, 0, 0)","XGBoost(1, 1, 0, 0)"
0,0.05772194024469131,0.05723193570025582
1,0.05309702580038706,0.06377458139439034
2,0.06621703879439567,0.07026857454713578
3,0.0534784689398306,0.0530255963622715
