,"Logit(1, 1, 1, 1)","XGBoost(1, 1, 1, 1)"
0,0.530382902796696,0.5320325630670458
1,0.5224072453844593,0.5078354826029621
2,0.5490020795293162,0.5382858465205924
3,0.5003249264556705,0.5531127954453237
