,"Logit(1, 1, 0, 0)","XGBoost(1, 1, 0, 0)","Logit(1, 1, 1, 1)","XGBoost(1, 1, 1, 1)"
0,0.06131761260136703,0.052701909712294555,0.05858551289237527,0.05270265282109054
1,0.05321964383265581,0.054531500808442254,0.05492792416082215,0.05281747598003103
2,0.06596350390054526,0.07246665160472313,0.06660921639186465,0.07244769454145297
3,0.05356857074474437,0.05289439522936559,0.053474831426382916,0.05585424382844083
