,"Logit(1, 1, 0, 0)","XGBoost(1, 1, 0, 0)"
0,0.5284281629109215,0.5094598577357198
1,0.5084829580036518,0.5369393829884358
2,0.5525905356055995,0.5845553738080747
3,0.4990379006897951,0.4970796244167174
