,"Logit(1, 1, 0, 0)","XGBoost(1, 1, 0, 0)"
0,2.3475844362777165,2.133324284270964
1,1.4707729171041526,1.886137711287796
2,2.9915360279845076,1.3456554962518208
3,1.8080440787006422,1.4557506064212749
