,"Logit(1, 1, 1, 1)","XGBoost(1, 1, 1, 1)"
0,2.412257006678396,3.884432310922045
1,1.9638819089728057,1.6271375763795093
2,2.850186434160351,1.9379621650019483
3,1.8123596600413876,1.4208992963384737
