,"Logit(1, 1, 1, 1)","XGBoost(1, 1, 1, 1)"
0,0.828710899753866,0.8535909950315722
1,0.7862419457916008,0.9360771580759158
2,0.7949504785429253,0.8371904801030119
3,0.8297551461939954,0.8737331056916335
