,"Logit(1, 1, 0, 0)","XGBoost(1, 1, 0, 0)","Logit(1, 1, 1, 1)","XGBoost(1, 1, 1, 1)"
0,0.6870216284828412,0.770607889676538,0.5021165980799024,0.7958081034618057
1,0.8438964544384824,0.962640783713715,0.648015141144397,0.9482196724904614
2,0.6219259017384319,0.8385326855360622,0.4221367172300374,0.8101012928951458
3,0.559498297707502,0.9471646038241629,0.30144508509210755,0.9579430995047555
