,"Logit(1, 1, 1, 1)","XGBoost(1, 1, 1, 1)"
0,0.8042894280058074,0.870989914607807
1,0.8381507386146655,0.9118105108917518
2,0.761173146071445,0.8498568322844926
3,0.7715282219983164,0.8436422599064152
