,"Logit(1, 1, 0, 0)","XGBoost(1, 1, 0, 0)"
0,7.906337586828463,7.667985642440616
1,7.539716722576316,8.021714072576009
2,6.788404066855507,7.888459764741949
3,7.204000321900695,7.635599031893862
