,"Logit(1, 1, 0, 0)","XGBoost(1, 1, 0, 0)"
0,0.921888198757764,0.9895155279503105
1,0.9656149068322981,0.9945341614906833
2,0.9172374429223744,0.9813719385637194
3,0.9868571428571429,0.993974025974026
