,"Logit(1, 1, 0, 0)","XGBoost(1, 1, 0, 0)","Logit(1, 1, 1, 1)","XGBoost(1, 1, 1, 1)"
0,0.9223850931677019,0.9883229813664597,0.9344099378881988,0.9871552795031056
1,0.9669068322981367,0.9987577639751553,0.9561739130434783,0.996472049689441
2,0.9152137816521377,0.988013698630137,0.9302615193026151,0.9874948111249481
3,0.9855064935064936,0.9965714285714287,0.9606753246753247,0.9957402597402598
