,"Logit(1, 1, 1, 1)","XGBoost(1, 1, 1, 1)"
0,0.7815709677392546,0.8673950810385032
1,0.8358707266875466,0.9428892100325938
2,0.7593533601657491,0.8332116023694806
3,0.755783151008771,0.8760875031562002
