,"Logit(1, 1, 0, 0)","XGBoost(1, 1, 0, 0)"
0,0.6332844470584669,0.9079736260428796
1,0.8280213364435343,0.9161646549004419
2,0.540550462180905,0.7899578202051464
3,0.5320910029708168,0.9102964811136807
