,"Logit(1, 1, 0, 0)","XGBoost(1, 1, 0, 0)"
0,0.8375506178990441,0.8846197188390373
1,0.8346860652133433,0.9087406211096324
2,0.7760486832451048,0.8338807882400101
3,0.8080580918189422,0.8357051512913188
