,"Logit(1, 1, 0, 0)","XGBoost(1, 1, 0, 0)"
0,8.115020179582947,7.461102748067156
1,7.761010498047222,7.82232012903719
2,7.551281297474862,7.689747321223699
3,7.642531552398719,7.601103626673478
