,"Logit(1, 1, 0, 0)","XGBoost(1, 1, 0, 0)"
0,4.995381590149806,6.772963760542405
1,6.00266611855293,7.026994460749283
2,4.583394708318929,6.222793775182376
3,4.734505100012916,6.751113926912233
