,"Logit(1, 1, 1, 1)","XGBoost(1, 1, 1, 1)"
0,2.9885956779735516,6.321000735598018
1,5.244853125564094,7.258372673909043
2,3.943823906107949,6.327189219859921
3,1.207018630884757,6.773145267964634
