,"Logit(1, 1, 0, 0)","XGBoost(1, 1, 0, 0)"
0,0.4023432372786704,0.8647360197806158
1,0.6623474824910356,0.9576355376126543
2,0.4471188429013978,0.8313504544997163
3,0.43833539282805956,0.9365946014233711
