,"Logit(1, 1, 0, 0)","XGBoost(1, 1, 0, 0)"
0,0.24252480951389832,0.10634016582372374
1,0.24677065286505923,0.13539251967473792
2,0.19060903691909242,0.11166618568067532
3,0.21645307913629222,0.14960839662090086
