,"Logit(1, 1, 0, 0)","XGBoost(1, 1, 0, 0)","Logit(1, 1, 1, 1)","XGBoost(1, 1, 1, 1)"
0,0.8284140200428778,0.5579764338302505,0.7929235013544731,0.8482657758720978
1,0.8308902959897624,0.6183169633212012,0.7604493859168039,0.8254474746971132
2,0.8137639663655362,0.580675815767389,0.7362845765249874,0.7974445047802406
3,0.7936680324496882,0.6072880156653667,0.782503167629297,0.8080334370012011
