,"Logit(1, 1, 0, 0)","XGBoost(1, 1, 0, 0)","Logit(1, 1, 1, 1)","XGBoost(1, 1, 1, 1)"
0,6.086013796517462,4.6056981617755905,2.956529258274971,6.06360583281064
1,5.922601122638242,3.1269538792192195,3.0638518036105955,5.17096856266857
2,3.6114062402091367,3.076489898227295,2.0251349624059714,3.8331122113158536
3,5.553234740550091,5.212562524060508,5.034222246170659,6.306808779836644
