,"Logit(1, 1, 1, 1)","XGBoost(1, 1, 1, 1)"
0,0.18607466203105846,0.27136760293568235
1,0.15869225222914915,0.21457624801320166
2,0.12627880397942928,0.17282008377054217
3,0.18091339539782889,0.2512411776352242
