,"Logit(1, 1, 0, 0)","XGBoost(1, 1, 0, 0)"
0,6.080744554574916,4.111332776998367
1,5.622401333742518,3.1073705200928163
2,3.705273685179365,2.428274646925651
3,5.1570229340953615,4.9689655952743035
