,"Logit(1, 1, 0, 0)","XGBoost(1, 1, 0, 0)","Logit(1, 1, 1, 1)","XGBoost(1, 1, 1, 1)"
0,0.24321598577721765,0.11472820924747486,0.17341215595397938,0.26541460962621444
1,0.2476766109230667,0.11021820823981837,0.15100743037570688,0.2331873913133428
2,0.19115161285252574,0.09243990458415546,0.13151689763386393,0.18282718108164428
3,0.2233873221441518,0.12424647744992201,0.206692455992548,0.24759564186071448
