,"Logit(1, 1, 0, 0)","XGBoost(1, 1, 0, 0)"
0,0.21292075905222113,0.11056826149761242
1,0.2130979663954305,0.12929039438041898
2,0.14311583864131067,0.12851209586134826
3,0.2154496814804429,0.17996328322880878
