,"Logit(1, 1, 1, 1)","XGBoost(1, 1, 1, 1)"
0,0.13189786510329687,0.13499646878622665
1,0.08841322227642374,0.10575890368478658
2,0.11561300459338718,0.13726235081756258
3,0.10573091128924149,0.11286434821138543
