,"Logit(1, 1, 0, 0)","XGBoost(1, 1, 0, 0)"
0,0.15600621748291457,0.17008552158268211
1,0.09984540570131387,0.09730336266151199
2,0.139651901385537,0.12888857519717034
3,0.11790056519203364,0.0894449689096274
