,"Logit(1, 1, 0, 0)","XGBoost(1, 1, 0, 0)"
0,0.7969283032077393,0.7986236634419552
1,0.7457898421588595,0.737401349287169
2,0.7704827520366598,0.756246817718941
3,0.7799594145958779,0.7438516908739782
