,"Logit(1, 1, 1, 1)","XGBoost(1, 1, 1, 1)"
0,6.1113490973094615,7.027154635365664
1,3.9604330141718447,4.912198136324559
2,5.363377004280937,6.264868641444183
3,5.018138444080582,4.880553274006783
