,"Logit(1, 1, 0, 0)","XGBoost(1, 1, 0, 0)"
0,0.7952671524949083,0.7790645684826883
1,0.7435208757637475,0.7413418088085539
2,0.7694835157841141,0.7616662423625254
3,0.7745991677303332,0.7691250413208762
