,"Logit(1, 1, 0, 0)","XGBoost(1, 1, 0, 0)"
0,0.8409863945578231,0.5
1,0.8678215472235405,0.5
2,0.799596582819174,0.5
3,0.7291506942669733,0.5
