,"Logit(1, 1, 0, 0)","XGBoost(1, 1, 0, 0)"
0,1.5193113699413145,1.429279519113636
1,2.146333917815856,2.2474246260211674
2,3.0410112854616886,2.766976911389091
3,2.520114026039961,3.6087470115025226
