,"Logit(1, 1, 0, 0)","XGBoost(1, 1, 0, 0)"
0,0.9003366364800152,0.9142762315679673
1,0.8680953961405339,0.9152482101370254
2,0.9289679785862992,0.9371468226430058
3,0.9407157727768416,0.9237136908892634
