,"Logit(1, 1, 0, 0)","XGBoost(1, 1, 0, 0)"
0,0.7766945656017918,0.7570051868442768
1,0.7672300483319581,0.7159097606978664
2,0.6455163653103204,0.7198944718640197
3,0.7430381148281306,0.7008239469037894
