,"Logit(1, 1, 0, 0)","XGBoost(1, 1, 0, 0)"
0,0.5407925407925408,0.46186401425372015
1,0.36689636752136756,0.3060393304478982
2,0.5090155209240887,0.9069940476190477
3,0.8402964959568733,0.7499149659863946
