,"Logit(1, 1, 0, 0)","XGBoost(1, 1, 0, 0)"
0,7.5561066032660325,8.269317379237583
1,7.2886260877656435,7.161211013997533
2,9.304329747534629,8.089090391028023
3,10.082740088682685,8.453599608398598
