,"Logit(1, 1, 0, 0)","XGBoost(1, 1, 0, 0)"
0,0.24282164886738128,0.2713015870495222
1,0.2471925611239546,0.2234126035524777
2,0.33941713039701876,0.26064309446609263
3,0.3619987188204853,0.29852752870650756
