,"Logit(1, 1, 0, 0)","XGBoost(1, 1, 0, 0)"
0,0.30052125219808495,0.2621233357999901
1,0.22938441713771388,0.4555503504083625
2,0.2369266038257827,0.22414966651307905
3,0.31456089715974556,0.276468155748541
