,"Logit(1, 1, 0, 0)","XGBoost(1, 1, 0, 0)"
0,5.37888919203174,6.485758508864327
1,5.433509744598109,7.0265284737418785
2,4.9831691615711335,5.833161471662968
3,4.792391341809991,7.009548180320605
