,"Logit(1, 1, 0, 0)","XGBoost(1, 1, 0, 0)"
0,0.9227329192546583,0.9916521739130435
1,0.971527950310559,0.9968695652173913
2,0.9154732254047321,0.9881693648816937
3,0.9863896103896104,0.9876363636363636
