,"Logit(1, 1, 0, 0)","XGBoost(1, 1, 0, 0)"
0,8.110778898893896,7.665800470773777
1,7.5828322947409985,8.022955878271498
2,7.556785091836735,8.094442059468143
3,7.661772994299115,7.62082179665658
