,"Logit(1, 1, 0, 0)","XGBoost(1, 1, 0, 0)"
0,9.240849379713836,11.35829634056818
1,9.43476072449864,10.92639918965806
2,9.965456763830783,10.80665285204815
3,7.679256362892294,10.087912421944091
