,"Logit(1, 1, 0, 0)","XGBoost(1, 1, 0, 0)"
0,0.48270175577252056,0.6532280864535859
1,0.45275972786787155,0.6265081234236812
2,0.5271758893050019,0.6220690538000379
3,0.37813114380293983,0.572963176119714
