,"Logit(1, 1, 0, 0)","XGBoost(1, 1, 0, 0)"
0,0.9012374946659714,0.9252761841543786
1,0.86899625432649,0.9110995211227537
2,0.9109745216615446,0.9383612570635471
3,0.939724397739665,0.9310002974125112
