,"Logit(1, 1, 0, 0)","XGBoost(1, 1, 0, 0)"
0,0.8626319088914427,0.896397102357817
1,0.8368073694842058,0.8880123985651099
2,0.8819959600181102,0.9296137638003692
3,0.8837694299373471,0.8945591757023056
