,"Logit(1, 1, 0, 0)","XGBoost(1, 1, 0, 0)"
0,0.556425831202046,0.6197988392681487
1,0.7898263820578398,0.6192578201849301
2,0.6268902188313765,0.5278564575814335
3,0.5393119831879025,0.5770935172917904
