,"Logit(1, 1, 0, 0)","XGBoost(1, 1, 0, 0)"
0,0.0,0.5
1,1.4306765580733931,0.5
2,0.0,0.0
3,0.0,0.5900948219818691
