,"Logit(1, 1, 0, 0)","XGBoost(1, 1, 0, 0)"
0,3.540559302915298,3.7286749922958844
1,5.58530322647644,4.262613350275657
2,4.540985668501272,3.5433749591381942
3,3.0333528817189164,5.160139784737656
