,"Logit(1, 1, 0, 0)","XGBoost(1, 1, 0, 0)"
0,0.8957945169017834,0.8885746606334841
1,0.9412762842693638,0.9236425339366516
2,0.8883084908171414,0.9386145861059356
3,0.9219124301304232,0.9302635081181794
