,"Logit(1, 1, 0, 0)","XGBoost(1, 1, 0, 0)"
0,0.30062945707329924,0.33472199499852895
1,0.3130974096130541,0.2955403976337637
2,0.22471503974765147,0.20638806096945364
3,0.304377348651018,0.2905021792954054
