,"Logit(1, 1, 0, 0)","XGBoost(1, 1, 0, 0)"
0,0.8183873494157241,0.839286312688228
1,0.7915015457273942,0.9014600219292989
2,0.7253326399122181,0.8540921627495354
3,0.77561490184355,0.818203582761907
