,"Logit(1, 1, 0, 0)","XGBoost(1, 1, 0, 0)"
0,0.9219378881987578,0.9736645962732919
1,0.9659130434782609,0.994136645962733
2,0.9134495641344956,0.9855749273557493
3,0.983064935064935,0.9838441558441559
