,"Logit(1, 1, 0, 0)","XGBoost(1, 1, 0, 0)"
0,4.966959401182721,4.836659790736966
1,4.976768682734889,3.9605063148897197
2,2.548579330291832,3.7236368491962413
3,5.285522960258326,5.834708155361136
