,"Logit(1, 1, 0, 0)","XGBoost(1, 1, 0, 0)"
0,0.8182014591746856,0.5352578484652075
1,0.8234947067524223,0.6519461202240282
2,0.7524682825689885,0.636565960737852
3,0.801278570370736,0.7274111006894737
