,"Logit(1, 1, 1, 1)","XGBoost(1, 1, 1, 1)"
0,5.229711098989751,11.319582533723862
1,9.039922337524999,11.153169432701127
2,9.235950704813217,11.128846278858754
3,5.878222938341666,10.262833618384803
