,"Logit(1, 1, 1, 1)","XGBoost(1, 1, 1, 1)"
0,1.470942838282981,0.9876497785550629
1,2.2756142413796607,1.7256487040378579
2,2.961768870941861,0.8375596019072137
3,2.7575561552035834,3.833848781178849
