,"Logit(1, 1, 1, 1)","XGBoost(1, 1, 1, 1)"
0,0.94921875,0.9440104166666667
1,0.9036458333333334,0.9244791666666666
2,0.9513157894736842,0.9539473684210527
3,0.9494047619047619,0.9523809523809523
