,"Logit(1, 1, 1, 1)","XGBoost(1, 1, 1, 1)"
0,0.5709885691793586,0.5770600926850926
1,0.4318438140806562,0.4330877455877456
2,0.7015151515151515,0.6789141414141414
3,0.7288690476190476,0.5802721088435374
