,"Logit(1, 1, 1, 1)","XGBoost(1, 1, 1, 1)"
0,0.24607233622083025,0.23644854470900115
1,0.22524362075586407,0.31724536872949954
2,0.2668483097860683,0.3268684852646654
3,0.2973102742777442,0.3543166876960223
