,"Logit(1, 1, 1, 1)","XGBoost(1, 1, 1, 1)"
0,0.3021259726522053,0.2532795009519532
1,0.2216712649674678,0.24844255810854943
2,0.2529053630931376,0.20948132914986106
3,0.28978982412343574,0.3132592022753245
