,"Logit(1, 1, 1, 1)","XGBoost(1, 1, 1, 1)"
0,0.0,0.31546487678572877
1,0.38685280723454163,0.6309297535714575
2,0.0,0.31546487678572877
3,0.0,0.6164948724497099
