,"Logit(1, 1, 1, 1)","XGBoost(1, 1, 1, 1)"
0,0.06063011543141194,0.05799118935355432
1,0.054147521409582074,0.059190065681764145
2,0.06636553416304057,0.06556885140517724
3,0.05316684138166765,0.05951185386415701
