,"Logit(1, 1, 1, 1)","XGBoost(1, 1, 1, 1)"
0,0.5328235397200914,0.5216136560964149
1,0.5187300289105294,0.5364979585108541
2,0.5478133242036924,0.5409264683505782
3,0.5023806806654494,0.5425328730472712
