,"Logit(1, 1, 1, 1)","XGBoost(1, 1, 1, 1)"
0,7.22984725392018,8.120868593202918
1,7.084252867553739,8.23146338178342
2,7.2036324374817955,7.858932230380051
3,7.133265032561088,8.109223981816925
