,"Logit(1, 1, 1, 1)","XGBoost(1, 1, 1, 1)"
0,0.15744997469940739,0.2912060475463531
1,0.13224862585095007,0.2047458231635623
2,0.13324752525618733,0.19405957223294815
3,0.18191778818910975,0.26332816164839845
