,"Logit(1, 1, 1, 1)","XGBoost(1, 1, 1, 1)"
0,3.255204358727219,7.367146366178114
1,2.671564726644315,5.023781215895385
2,2.3976897134853545,4.268239131740445
3,4.739113540944265,6.324471654355228
