,"Logit(1, 1, 0, 0)","XGBoost(1, 1, 0, 0)"
0,1.9167939988140634,1.3082214119323698
1,2.4364505263872345,1.5454182303830615
2,2.4488883274005118,3.1733962584992828
3,2.4850648527119485,3.6727736448707335
