,"Logit(1, 1, 0, 0)","XGBoost(1, 1, 0, 0)"
0,0.8611256225403129,0.8864103367812488
1,0.8317312715494722,0.8946644377111413
2,0.8497892940479921,0.9220562114721554
3,0.7994309093961808,0.9018583812730309
