,"Logit(1, 1, 0, 0)","XGBoost(1, 1, 0, 0)"
0,9.235447565124787,11.287278158399236
1,9.466993717258298,11.573665203206447
2,10.088536121937459,11.003190447608045
3,8.522763113994952,9.966509922107392
