,"Logit(1, 1, 0, 0)","XGBoost(1, 1, 0, 0)"
0,0.4809844619727003,0.6391354325007591
1,0.45450862503497574,0.6740821208832619
2,0.5409014741405296,0.6533822644694611
3,0.425432870795486,0.5799047908861406
