,"Logit(1, 1, 0, 0)","XGBoost(1, 1, 0, 0)"
0,0.21386439805248114,0.16279125922190996
1,0.23525821589038248,0.1811087181028271
2,0.28196102187131505,0.33847933795503854
3,0.2963530346051092,0.38581262856439363
