,"Logit(1, 1, 0, 0)","XGBoost(1, 1, 0, 0)"
0,0.09965898557518797,0.06938983571403276
1,0.07828689325183281,0.07148206712308204
2,0.09269235609833881,0.07382851614717849
3,0.08809726456946367,0.0884968255976137
