,"Logit(1, 1, 0, 0)","XGBoost(1, 1, 0, 0)"
0,2.173736552415957,1.4463946303571862
1,1.5,1.0356510173536035
2,1.5070698857492901,2.9484591188793923
3,2.673736552415957,2.9484591188793923
