,"Logit(1, 1, 0, 0)","XGBoost(1, 1, 0, 0)"
0,0.9479166666666666,0.9401041666666667
1,0.86328125,0.9101562499999999
2,0.9184210526315789,0.9723684210526317
3,0.9211309523809522,0.9375
