,"Logit(1, 1, 0, 0)","XGBoost(1, 1, 0, 0)"
0,0.562453007518797,0.4642449666346725
1,0.4050247541201488,0.334213702963703
2,0.40070299671592774,0.8229166666666667
3,0.6699999999999999,0.7934981684981683
