,"Logit(1, 1, 0, 0)","XGBoost(1, 1, 0, 0)"
0,0.0,1.0
1,1.4306765580733931,0.6309297535714575
2,0.0,0.38685280723454163
3,0.0,0.5900948219818691
