,"Logit(1, 1, 0, 0)","XGBoost(1, 1, 0, 0)"
0,0.5676888648435963,0.6250860712177847
1,0.7786617155223293,0.6421281723391699
2,0.6076568139248024,0.704177897574124
3,0.5444515510073553,0.6980675224998858
