,"Logit(1, 1, 0, 0)","XGBoost(1, 1, 0, 0)"
0,0.7294337838228074,0.7122462387016663
1,0.7668229662999221,0.8216252996043778
2,0.7622151953564931,0.7445782436686014
3,0.7427072391456583,0.819154484710551
