,"Logit(1, 1, 0, 0)","XGBoost(1, 1, 0, 0)"
0,7.762459471914262,7.788349491639307
1,8.322355301109667,9.051196688633826
2,9.26627709789506,8.912768210639088
3,9.754322894487892,9.450976059244264
