,"Logit(1, 1, 0, 0)","XGBoost(1, 1, 0, 0)"
0,1.3005854951778284,3.323548784350558
1,1.6822743301445882,2.5989982107323595
2,3.1420082158572025,3.2870486007117057
3,1.5900328255735787,2.477491412860951
