,"Logit(1, 1, 0, 0)","XGBoost(1, 1, 0, 0)"
0,0.8957612456747405,0.9053100878360394
1,0.9406108597285068,0.9256388075592228
2,0.9059422411498537,0.9397291722118712
3,0.9249733830183656,0.9321932392866649
