,"Logit(1, 1, 0, 0)","XGBoost(1, 1, 0, 0)"
0,0.7055238095238096,0.7508571428571429
1,0.7748571428571429,0.811047619047619
2,0.7645714285714286,0.7805714285714286
3,0.8003809523809523,0.7527619047619047
