,"Logit(1, 1, 0, 0)","XGBoost(1, 1, 0, 0)"
0,0.28872923530803274,0.29819818058166214
1,0.19622880735061654,0.22400706717781316
2,0.20740403387748654,0.24441254427611622
3,0.3115250337786287,0.3235380266196563
