,"Logit(1, 1, 0, 0)","XGBoost(1, 1, 0, 0)"
0,0.005397197390567939,0.08326772989548026
1,0.13931450597417205,0.03458129251223414
2,0.010112783955273796,0.04796023254354323
3,0.011963080002958534,0.04146671081221996
