,"Logit(1, 1, 0, 0)","XGBoost(1, 1, 0, 0)"
0,0.5490270110959765,0.4841501979433014
1,0.5097890038547372,0.4968125507202272
2,0.5466372489348752,0.5610124708358694
3,0.4987462593832421,0.500217145972814
