,"Logit(1, 1, 0, 0)","XGBoost(1, 1, 0, 0)"
0,0.06154424450706897,0.052209422440805765
1,0.053205922150342325,0.053212579914756544
2,0.06557951214290986,0.06178000582036
3,0.05326562494435058,0.05265983100914352
