,"Logit(1, 1, 0, 0)","XGBoost(1, 1, 0, 0)"
0,0.416073979419658,0.8002247672994227
1,0.6798322047923955,0.9780538189403322
2,0.47876951338187423,0.8302805818843596
3,0.35499588997641635,0.9321957411707911
