,"Logit(1, 1, 0, 0)","XGBoost(1, 1, 0, 0)"
0,0.9456894409937888,0.9880496894409938
1,0.9731677018633541,0.9993540372670807
2,0.9563615608136156,0.9826172685761727
3,0.9645194805194806,0.9957922077922078
