,"Logit(1, 1, 0, 0)","XGBoost(1, 1, 0, 0)"
0,0.9790265587598312,0.9808959306964551
1,0.9890345377863901,0.998540978000684
2,0.9729624985751739,0.9637980166419697
3,0.9766328507922034,0.982924883164254
