,"Logit(1, 1, 0, 0)","XGBoost(1, 1, 0, 0)"
0,8.106044887056854,8.12022232822799
1,7.53557500052926,8.487003107031212
2,7.49397889582615,8.071564680058524
3,7.223148380538044,7.62903081655097
