,"Logit(1, 1, 0, 0)","XGBoost(1, 1, 0, 0)"
0,6.081606636465873,2.87324262369476
1,5.5988772309035175,3.5941135388130836
2,3.705579821991278,2.2765124050881838
3,5.310935568582482,4.845162997683547
