,"Logit(1, 1, 0, 0)","XGBoost(1, 1, 0, 0)"
0,0.8281065629622244,0.6215951205730335
1,0.8298017317312327,0.732225656877898
2,0.819004953020355,0.5885002715110826
3,0.7890852544799329,0.7075990192690591
