,"Logit(1, 1, 0, 0)","XGBoost(1, 1, 0, 0)"
0,0.7966721295824847,0.8000358006619144
1,0.7430721741344195,0.7399312627291242
2,0.7743874108961304,0.7632335157841139
3,0.7826545638018054,0.7856249219055211
