,"Logit(1, 1, 0, 0)","XGBoost(1, 1, 0, 0)"
0,0.1540242911598204,0.18568189892403203
1,0.09679232840167123,0.10021238253402925
2,0.1381799644801001,0.11817452969084265
3,0.1130490949886037,0.11398216236011742
