,"Logit(1, 1, 0, 0)","XGBoost(1, 1, 0, 0)"
0,5.682613776039268,7.697565077921308
1,4.303654457946475,4.057412551544254
2,6.520389097091435,5.245831371663028
3,4.116944523784147,4.177453199049198
