,"Logit(1, 1, 1, 1)","XGBoost(1, 1, 1, 1)"
0,0.0,0.5
1,0.0,1.5801789003451283
2,0.0,2.0616063116448506
3,0.0,1.0
