,"Logit(1, 1, 1, 1)","XGBoost(1, 1, 1, 1)"
0,0.38459976449676947,0.643918061691736
1,0.4770677538631015,0.6526058509962949
2,0.4998194589552757,0.644266716610575
3,0.24648894675957245,0.5820704842429625
