,"Logit(1, 1, 1, 1)","XGBoost(1, 1, 1, 1)"
0,0.2700588404981779,0.24320906135758463
1,0.2772030974916969,0.3252698440254739
2,0.33244174047874275,0.3182189455485586
3,0.3527100544422386,0.3596677577796392
