,"Logit(1, 1, 1, 1)","XGBoost(1, 1, 1, 1)"
0,1.196371939548462,2.1287607916679043
1,1.8600950353824584,2.939248361680807
2,3.5203084784231478,3.7880396361192465
3,0.8419904881345333,3.111764200188889
