,"Logit(1, 1, 1, 1)","XGBoost(1, 1, 1, 1)"
0,0.05774654444037574,0.06617037895820604
1,0.06490232500889653,0.07884889474949401
2,0.09489895564439509,0.09608076515653846
3,0.05231989428009851,0.08245285513191461
