,"Logit(1, 1, 1, 1)","XGBoost(1, 1, 1, 1)"
0,2.3460528467916846,1.7461414348591218
1,0.9133062746484444,2.150443215327924
2,1.8956787482775885,2.5073750951067995
3,1.4642630869047908,2.421672063893751
