,"Logit(1, 1, 1, 1)","XGBoost(1, 1, 1, 1)"
0,0.590510033444816,0.5960062954947866
1,0.7315438717292937,0.5896493212669683
2,0.6032482068618941,0.47106994380739187
3,0.5729818630362282,0.6214308556809356
