,"Logit(1, 1, 1, 1)","XGBoost(1, 1, 1, 1)"
0,0.0,1.0
1,0.3562071871080222,0.38685280723454163
2,0.0,0.0
3,0.0,0.6895405204413555
