,"Logit(1, 1, 1, 1)","XGBoost(1, 1, 1, 1)"
0,0.33864662178029425,0.7733664301988148
1,0.4458770126469028,0.9840844760504495
2,0.3716131086994826,0.8456703837591021
3,0.17229945748489675,0.9462026112712609
