,"Logit(1, 1, 1, 1)","XGBoost(1, 1, 1, 1)"
0,0.9698848740453665,0.9864584520688475
1,0.9898552376610054,0.9975606975948934
2,0.9611079448307307,0.9687222158896615
3,0.9730308902313918,0.9840419468824803
