,"Logit(1, 1, 1, 1)","XGBoost(1, 1, 1, 1)"
0,3.395958579492924,6.50630304509068
1,3.1463185610296884,4.864206129028059
2,2.702203460589736,4.049141952948782
3,4.48848220191785,5.35420095810479
