,"Logit(1, 1, 1, 1)","XGBoost(1, 1, 1, 1)"
0,0.7667065529906434,0.833574313207359
1,0.7309251965232421,0.8039337887021987
2,0.7610825887347585,0.7991517335571242
3,0.765101775517928,0.8007684586398118
