,"Logit(1, 1, 1, 1)","XGBoost(1, 1, 1, 1)"
0,0.1636195136540525,0.2459003106937067
1,0.14095120593847044,0.2031340444694847
2,0.14521487033997074,0.18548841405837943
3,0.19547326297840936,0.22355532096579503
