,"Logit(1, 1, 1, 1)","XGBoost(1, 1, 1, 1)"
0,6.091768725218974,8.04971840379601
1,4.482506048820383,4.345218299603436
2,6.1340065494630736,6.986816476364933
3,4.1158440936393825,4.636940706835527
