,"Logit(1, 1, 1, 1)","XGBoost(1, 1, 1, 1)"
0,0.008395388856911932,0.10071433326489676
1,0.014441820901530428,0.3466588055031457
2,0.009362671163889667,0.15210120214617964
3,0.007920168805368617,0.1109776639456608
