,"Logit(1, 1, 1, 1)","XGBoost(1, 1, 1, 1)"
0,0.9036555876914323,0.9048409274097957
1,0.8902849556682946,0.8949314873642786
2,0.8903539208882721,0.953256666997125
3,0.9533062357489839,0.9403192227619709
