,"Logit(1, 1, 1, 1)","XGBoost(1, 1, 1, 1)"
0,2.2328356756050685,1.3868528072345416
1,0.969741384391281,2.7090441653943804
2,1.2021900554785492,1.4157957528856715
3,2.515293082568772,1.3154648767857289
