,"Logit(1, 1, 1, 1)","XGBoost(1, 1, 1, 1)"
0,0.5212878661154524,0.555371551923276
1,0.521166184824508,0.5260170990566038
2,0.5426351060052749,0.5045045901805639
3,0.5020842843375938,0.5218176227429498
