,"Logit(1, 1, 1, 1)","XGBoost(1, 1, 1, 1)"
0,4.357879187675794,5.875084001187593
1,3.9178937107126695,5.053800869945522
2,2.3294397718818054,3.892130192412687
3,5.176030604260104,6.616620033749814
