,"Logit(1, 1, 1, 1)","XGBoost(1, 1, 1, 1)"
0,0.8680440199335548,0.8446497785160576
1,0.8963963963963965,0.8946155457783365
2,0.8675536001117397,0.8716041623018368
3,0.8362664990571967,0.8271178154899086
