,"Logit(1, 1, 1, 1)","XGBoost(1, 1, 1, 1)"
0,6.049943294007527,4.670628523777524
1,4.364320040077854,4.263247631226733
2,2.8516801595930077,2.777004549729002
3,5.197627205709338,5.134841359723969
