,"Logit(1, 1, 1, 1)","XGBoost(1, 1, 1, 1)"
0,11.312926685411497,12.335679275728879
1,12.068525124019802,12.711080290628507
2,11.923772652144962,12.54039867069853
3,10.955922318833757,11.772510348601141
