,"Logit(1, 1, 1, 1)","XGBoost(1, 1, 1, 1)"
0,2.8384279982405802,3.596992882758807
1,2.9990444015403943,3.3112889329652533
2,4.401422186985564,4.145563673360383
3,3.895540988565305,2.711219777408596
