,"Logit(1, 1, 1, 1)","XGBoost(1, 1, 1, 1)"
0,0.5783415883958325,0.7871601765091365
1,0.5690617237221154,0.8792643909605591
2,0.6378053964911999,0.8759006438072294
3,0.5948796598350364,0.8216585346912744
