,"Logit(1, 1, 1, 1)","XGBoost(1, 1, 1, 1)"
0,18.32906942163468,17.928122201561887
1,18.70258632860813,18.825920821674345
2,18.689578965871522,19.000790559668097
3,17.01232526396318,16.69811144306257
