,"Logit(1, 1, 1, 1)","XGBoost(1, 1, 1, 1)"
0,0.7520604395604396,0.6497252747252747
1,0.7582417582417582,0.7380952380952381
2,0.7570970695970696,0.7410714285714286
3,0.7467166979362102,0.7211538461538463
