,"Logit(1, 1, 1, 1)","XGBoost(1, 1, 1, 1)"
0,0.9334111811312379,0.9461113094835989
1,0.9357852172822111,0.9461209600370581
2,0.9330734117601643,0.937097692552668
3,0.9210741548527808,0.9245891104533417
