,"Logit(1, 1, 1, 1)","XGBoost(1, 1, 1, 1)"
0,7.647510886451181,8.951271123983732
1,8.500759584696768,8.957785994750378
2,7.649277074727584,9.15397407255101
3,7.3867694812206555,8.53258403145507
