,"Logit(1, 1, 1, 1)","XGBoost(1, 1, 1, 1)"
0,0.9328277356446371,0.9826652221018418
1,0.8829902491874322,0.8894907908992417
2,0.9794149512459371,0.9761646803900326
3,0.9263271939328277,0.923076923076923
