,"Logit(1, 1, 1, 1)","XGBoost(1, 1, 1, 1)"
0,0.8842105263157896,0.8912280701754387
1,0.8973684210526316,0.9131578947368422
2,0.8900900900900901,0.8891891891891892
3,0.8801801801801802,0.8855855855855856
