,"Logit(1, 1, 1, 1)","XGBoost(1, 1, 1, 1)"
0,0.8027148363576808,0.9130970336852688
1,0.8751266906650821,0.8766338924233659
2,0.9085251852220175,0.8958212225180548
3,0.6170630348059498,0.7197128327103297
