,"Logit(1, 1, 1, 1)","XGBoost(1, 1, 1, 1)"
0,0.39904580155588515,0.47897901526912107
1,0.4634039458770185,0.4369752186138086
2,0.5878642374473999,0.5341377155470315
3,0.5315343970515591,0.392109155866071
