,"Logit(1, 1, 1, 1)","XGBoost(1, 1, 1, 1)"
0,0.9845450683341646,0.9831899374130226
1,0.9795605825461738,0.9941878492969622
2,0.9934997984796933,0.9916225420737316
3,0.9996505939902166,0.9982522369314821
