,"Logit(1, 1, 1, 1)","XGBoost(1, 1, 1, 1)"
0,4.183810713474318,4.498332615729937
1,4.8225022837394755,4.8225022837394755
2,4.505178877461558,4.4950569967948
3,3.134536809231789,3.8905425345040365
