,"Logit(1, 1, 1, 1)","XGBoost(1, 1, 1, 1)"
0,0.7644444444444444,0.917037037037037
1,0.787202380952381,0.9077380952380953
2,0.8080357142857143,0.9211309523809523
3,0.900297619047619,0.9032738095238095
