,"Logit(1, 1, 1, 1)","XGBoost(1, 1, 1, 1)"
0,0.9491341991341992,0.948051948051948
1,0.9353354978354979,0.9477813852813852
2,0.8962406015037594,0.8928913192071086
3,0.9366776315789475,0.9391447368421052
