,"Logit(1, 1, 1, 1)","XGBoost(1, 1, 1, 1)"
0,0.9015123997948236,0.9819553550288682
1,0.9454047862640006,0.9941052725306576
2,0.9520983700489241,0.9915916917026301
3,0.8979415433517228,0.9623461451878532
