,"Logit(1, 1, 1, 1)","XGBoost(1, 1, 1, 1)"
0,0.982962962962963,0.9948148148148148
1,0.985925925925926,0.9982716049382716
2,0.9864596273291926,0.9970186335403727
3,0.9850088183421517,0.9887881078357269
