,"Logit(1, 1, 1, 1)","XGBoost(1, 1, 1, 1)"
0,29.895595274643128,38.564440728877585
1,29.90100958664163,42.02021359346431
2,32.239648961040764,41.718242191951205
3,29.845735616280464,40.23112176498374
