,"Logit(1, 1, 1, 1)","XGBoost(1, 1, 1, 1)"
0,7.794099620068484,7.764091602579775
1,7.712217884399965,7.837045852658362
2,7.773031324765877,7.585234234594883
3,7.463324353334027,8.069093574807047
