,"Logit(1, 1, 1, 1)","XGBoost(1, 1, 1, 1)"
0,5.607087253133731,5.8855084603816366
1,5.670810904434207,6.078988422236279
2,5.766811727398779,5.973810931145785
3,5.792178305957944,4.765193549481755
