,"Logit(1, 1, 1, 1)","XGBoost(1, 1, 1, 1)"
0,6.442125457196255,7.201559477807318
1,6.480569739596796,7.797936537485
2,6.891096478934199,7.637484335486355
3,7.5846071301881395,7.589619182187537
