,"Logit(1, 1, 1, 1)","XGBoost(1, 1, 1, 1)"
0,0.9851153039832286,0.9849056603773585
1,0.9870680517277931,0.996184015263939
2,0.9953360186559254,0.9936400254398983
3,0.9997880008479966,0.998940004239983
