,"Logit(1, 1, 1, 1)","XGBoost(1, 1, 1, 1)"
0,9.928881876574545,10.889452857389061
1,10.694586015329573,11.362415215880512
2,10.219696330305812,9.87491783658836
3,10.10989777293511,10.286022172708071
