,"Logit(1, 1, 1, 1)","XGBoost(1, 1, 1, 1)"
0,0.8975664968873798,0.9858517260894171
1,0.9285714285714286,0.9849330357142858
2,0.8783482142857143,0.9905133928571429
3,0.8254608294930876,0.9521889400921658
