,"Logit(1, 1, 1, 1)","XGBoost(1, 1, 1, 1)"
0,0.6028412078745016,0.5167302133865938
1,0.49177957373206105,0.4889358570893933
2,0.3652231494287436,0.3878534149817878
3,0.5880402677256894,0.5226603415219027
