,"Logit(1, 1, 1, 1)","XGBoost(1, 1, 1, 1)"
0,0.6241901044039749,0.6923881173180776
1,0.5957877606639168,0.6512923147325309
2,0.6422645993752828,0.6764315310067847
3,0.5397011855140337,0.5906087718215749
