,"Logit(1, 1, 1, 1)","XGBoost(1, 1, 1, 1)"
0,0.7456140350877193,0.7046783625730995
1,0.7017543859649122,0.6442831215970962
2,0.5668481548699335,0.5943738656987296
3,0.6896551724137931,0.6842105263157894
