,"Logit(1, 1, 1, 1)","XGBoost(1, 1, 1, 1)"
0,0.41491495140475326,0.5123239730813214
1,0.5397152239064109,0.5572798512442202
2,0.3615210492567427,0.3603604327030064
3,0.4007047967275968,0.4087284528741212
