,"Logit(1, 1, 1, 1)","XGBoost(1, 1, 1, 1)"
0,0.5089192280249322,0.4721581039218258
1,0.5297238554140731,0.5395687773711052
2,0.48131203961440494,0.5297320615164681
3,0.4750005903844251,0.4421231902948901
