,"Logit(1, 1, 1, 1)","XGBoost(1, 1, 1, 1)"
0,0.7722616392971049,0.92357538602836
1,0.7628532000619582,0.9152294734472552
2,0.8462132566310099,0.9316273806096498
3,0.9079734329027906,0.9132144509734339
