,"Logit(1, 1, 1, 1)","XGBoost(1, 1, 1, 1)"
0,0.794895238095238,0.7991619047619049
1,0.7878857142857143,0.7715047619047619
2,0.7527619047619046,0.7626666666666667
3,0.769752380952381,0.7667428571428571
