,"Logit(1, 1, 1, 1)","XGBoost(1, 1, 1, 1)"
0,0.8775559693663806,0.8757186188241439
1,0.8665227631557917,0.9050577813375418
2,0.8762785399615759,0.8749697836911795
3,0.8926068774184325,0.8996759882349773
