,"Logit(1, 1, 1, 1)","XGBoost(1, 1, 1, 1)"
0,7.609496622802434,10.357439917990801
1,10.525107247215141,10.27102057505061
2,7.074466069851316,7.390499571749994
3,8.34729001133555,8.69453907720651
