,"Logit(1, 1, 1, 1)","XGBoost(1, 1, 1, 1)"
0,13.067977881232924,12.891635694631276
1,12.351842187613602,12.896866331060524
2,13.073157765449405,13.073157765449405
3,13.24774119549745,13.072316131915496
