,"Logit(1, 1, 1, 1)","XGBoost(1, 1, 1, 1)"
0,0.6293183940242764,0.6475256769374417
1,0.6695454545454546,0.675
2,0.787142857142857,0.68
3,0.7038095238095238,0.5914285714285714
