,"Logit(1, 1, 1, 1)","XGBoost(1, 1, 1, 1)"
0,14.901610955194881,15.55197641465189
1,13.78633354142479,14.69667619527825
2,14.63712716673295,15.445041203261473
3,12.87200478460865,13.656468189463096
