,"Logit(1, 1, 1, 1)","XGBoost(1, 1, 1, 1)"
0,15.627381691533795,15.778092724122809
1,15.341993745228113,15.521405400019658
2,14.613284654656258,14.789961218448274
3,15.558268838561343,15.4573129911493
