,"Logit(1, 1, 1, 1)","XGBoost(1, 1, 1, 1)"
0,0.933918521026132,0.9146950193458498
1,0.927686156519402,0.9389038108088328
2,0.8717843891366752,0.8909785855310469
3,0.9169568305092503,0.9247627237905247
