,"Logit(1, 1, 1, 1)","XGBoost(1, 1, 1, 1)"
0,0.8289649670588923,0.7895662578909528
1,0.8570639378198426,0.8551551286755912
2,0.846142600933708,0.8351851032249646
3,0.7799530210765651,0.7597015333593424
