,"Logit(1, 1, 1, 1)","XGBoost(1, 1, 1, 1)"
0,0.6278721893491124,0.8048378698224853
1,0.6136236686390534,0.8804923076923077
2,0.6480852071005917,0.8850934911242603
3,0.6192757396449704,0.8264236686390533
