,"Logit(1, 1, 1, 1)","XGBoost(1, 1, 1, 1)"
0,0.7241645781119466,0.7678571428571428
1,0.7918410484041428,0.7880574931304164
2,0.6939124920735573,0.7017543859649122
3,0.7103572183470725,0.6688860705981823
