,"Logit(1, 1, 1, 1)","XGBoost(1, 1, 1, 1)"
0,0.5935921096855795,0.6158935229313317
1,0.6074338517730946,0.6536776984395408
2,0.5490184698021623,0.5391679282248136
3,0.5863935391208088,0.6026862247436378
