,"Logit(1, 1, 1, 1)","XGBoost(1, 1, 1, 1)"
0,0.8782772240328345,0.9793268479030437
1,0.9205654397209875,0.9804604341736696
2,0.857594411494848,0.985337344348659
3,0.8199525401483301,0.9490480985954449
