,"Logit(1, 1, 1, 1)","XGBoost(1, 1, 1, 1)"
0,0.7945142857142856,0.7728761904761904
1,0.7776761904761905,0.7984
2,0.7532952380952381,0.7488
3,0.769142857142857,0.7385142857142857
