,"Logit(1, 1, 1, 1)","XGBoost(1, 1, 1, 1)"
0,0.8875023174169284,0.9889235749797662
1,0.9487027473373923,0.9884921467688343
2,0.8294034420281906,0.9658164257922683
3,0.8181442320464,0.9426271480095292
