,"Logit(1, 1, 1, 1)","XGBoost(1, 1, 1, 1)"
0,0.9054895302773062,0.9915110356536503
1,0.9525669642857143,0.9938616071428571
2,0.8571428571428571,0.9754464285714286
3,0.8306451612903226,0.9360599078341014
