,"Logit(1, 1, 1, 1)","XGBoost(1, 1, 1, 1)"
0,7.798547566316728,7.992350018791092
1,7.9454711734058785,8.484483997457334
2,7.792277082719008,7.715790145710372
3,7.681725550622249,7.86599250165688
