,"Logit(1, 1, 1, 1)","XGBoost(1, 1, 1, 1)"
0,0.794074074074074,0.8918518518518519
1,0.6443452380952381,0.8638392857142857
2,0.8154761904761905,0.8809523809523809
3,0.912202380952381,0.8735119047619049
