,"Logit(1, 1, 1, 1)","XGBoost(1, 1, 1, 1)"
0,4.160936859699629,4.8225022837394755
1,4.8225022837394755,4.8225022837394755
2,4.4950569967948,5.0764470275528595
3,3.1489716903535365,3.2937836615591385
