,"Logit(1, 1, 1, 1)","XGBoost(1, 1, 1, 1)"
0,7.856784143390993,9.159731955258785
1,8.911390005084618,9.344482625974745
2,7.400322360681994,8.942633539392647
3,7.380251044608905,8.532880936757762
