,"Logit(1, 1, 0, 0)","XGBoost(1, 1, 0, 0)"
0,0.9004788772462187,0.8737376131999433
1,0.8568583756104499,0.902280593618131
2,0.9183106969366511,0.9328839099831465
3,0.9377416476653118,0.9241102409041341
