,"Logit(1, 1, 0, 0)","XGBoost(1, 1, 0, 0)"
0,4.428326138124181,3.4882883811073455
1,4.6133259568506,5.519430630088719
2,5.391070829513553,4.2659520745356545
3,5.6908185966069365,4.763707512138763
