,"Logit(1, 1, 0, 0)","XGBoost(1, 1, 0, 0)"
0,0.3403288380718759,0.31068925680878096
1,0.3234338261607367,0.2702464953781301
2,0.269111117880959,0.2532291700143651
3,0.30461927241166986,0.278771845086106
