,"Logit(1, 1, 0, 0)","XGBoost(1, 1, 0, 0)"
0,0.24797078495362265,0.17197438524198677
1,0.2681984651205319,0.33481983460744486
2,0.2870723444167256,0.2140374390701924
3,0.32281471661911676,0.2564063264170194
