,"Logit(1, 1, 0, 0)","XGBoost(1, 1, 0, 0)"
0,0.7332057241819342,0.7479263512897638
1,0.7762085740346609,0.8239586500456065
2,0.7726208574034661,0.7619793250228032
3,0.7505244755244754,0.7762921860747948
