,"Logit(1, 1, 0, 0)","XGBoost(1, 1, 0, 0)"
0,0.005131935069724659,0.0346258469954368
1,0.14959467058566225,0.03514968358839841
2,0.012503623758057086,0.008180236842893165
3,0.008287956273172518,0.048397998242648184
