,"Logit(1, 1, 0, 0)","XGBoost(1, 1, 0, 0)"
0,0.22926430428893008,0.11359554230452198
1,0.23260237292800626,0.11151741791297134
2,0.18805005429407876,0.12496358899973092
3,0.22092674268397736,0.19609098534386274
