,"Logit(1, 1, 0, 0)","XGBoost(1, 1, 0, 0)"
0,4.928681590689052,4.349663796895376
1,5.676326749261399,2.8768353280706593
2,3.5527532357505938,2.8932723924031767
3,5.4023625133144915,5.192538757695938
