,"Logit(1, 1, 0, 0)","XGBoost(1, 1, 0, 0)"
0,0.9126264948430539,0.9221815033097653
1,0.8897033029504329,0.9084401955019998
2,0.9153569818099799,0.9245545404001513
3,0.8996136376854637,0.9039349804580312
