,"Logit(1, 1, 0, 0)","XGBoost(1, 1, 0, 0)"
0,5.7731607982220075,5.945158684807859
1,4.106403915321939,3.607028533082196
2,6.890034490909075,5.762474283302161
3,4.446996346610335,4.6796472779038965
