,"Logit(1, 1, 0, 0)","XGBoost(1, 1, 0, 0)"
0,0.7983603296843178,0.8053096359470467
1,0.7442997390529533,0.7351817082484726
2,0.7738702902240325,0.7735671779531568
3,0.7792879997848942,0.7845580920115082
