,"Logit(1, 1, 0, 0)","XGBoost(1, 1, 0, 0)"
0,0.15134243354100727,0.15318533630853545
1,0.09749053481861228,0.0933979181634086
2,0.14260627161685693,0.14150216910958033
3,0.11795351213736778,0.11582373148007816
