,"Logit(1, 1, 0, 0)","XGBoost(1, 1, 0, 0)","Logit(1, 1, 1, 1)","XGBoost(1, 1, 1, 1)"
0,11.960500442032046,12.132441438468037,11.085160422508242,12.157925578785598
1,12.353594825271744,12.362169546873075,11.113715351534397,12.718680470116409
2,12.068142990514259,12.182035964678336,10.74696169354495,12.13873794736608
3,11.900198798221624,12.346791884546331,10.208268940445116,11.93149139025949
