,"Logit(1, 1, 1, 1)","XGBoost(1, 1, 1, 1)"
0,0.9874213836477987,0.9886792452830189
1,0.9968200127199491,0.9923680305278779
2,0.9953360186559255,0.9662921348314607
3,0.9997880008479966,0.9991520033919864
