,"Logit(1, 1, 0, 0)","XGBoost(1, 1, 0, 0)","Logit(1, 1, 1, 1)","XGBoost(1, 1, 1, 1)"
0,0.6189917159763314,0.8016473372781066,0.6262627218934911,0.8005585798816569
1,0.6264994082840236,0.8813822485207102,0.5841041420118344,0.8696994082840237
2,0.6541538461538462,0.9019360946745562,0.6476307692307691,0.8710153846153845
3,0.6145798816568048,0.8430863905325444,0.6195029585798817,0.7984662721893491
