,"Logit(1, 1, 0, 0)","XGBoost(1, 1, 0, 0)","Logit(1, 1, 1, 1)","XGBoost(1, 1, 1, 1)"
0,7.654025757217828,8.959731955258786,7.637574725969093,8.753885122798351
1,9.161581041840885,9.153566444164374,8.949957220752836,9.356025857920937
2,7.855031358428024,8.744110388292402,8.308636932702814,8.53667598384827
3,7.598984195118601,8.290118659489654,7.377472214896963,8.530829151387834
