,"Logit(1, 1, 1, 1)","XGBoost(1, 1, 1, 1)"
0,0.9286534582758321,0.9466710415842349
1,0.9192634697599907,0.9430617345904788
2,0.927765607357582,0.9406925237162351
3,0.9103442903879109,0.9287223477177131
