,"Logit(1, 1, 1, 1)","XGBoost(1, 1, 1, 1)"
0,14.109333281663435,15.632613394398742
1,13.075102607324322,14.367059299879841
2,14.266572067611223,15.586857840466283
3,12.688584328796713,13.906120474025075
