,"Logit(1, 1, 0, 0)","XGBoost(1, 1, 0, 0)","Logit(1, 1, 1, 1)","XGBoost(1, 1, 1, 1)"
0,0.9380820490055104,0.9392352901438897,0.931133650514857,0.9343086826029473
1,0.9391339593325676,0.9463525733200799,0.9325426313199062,0.9443259570936393
2,0.9322627652695882,0.9357176634079964,0.9283253394582179,0.9417106571061851
3,0.9277340707275276,0.9319500701043777,0.9191754946253311,0.9331184763981928
