,"Logit(1, 1, 1, 1)","XGBoost(1, 1, 1, 1)"
0,9.92741744428765,10.416299856276328
1,10.3275573559393,12.012693774454979
2,10.377092415090303,9.899852810230579
3,10.243572015806333,9.931166549752033
