,"Logit(1, 1, 1, 1)","XGBoost(1, 1, 1, 1)"
0,0.7821589570495135,0.8962269757806391
1,0.6337413084799918,0.8534080536674488
2,0.8506403167255834,0.9063976468436272
3,0.9305496152504733,0.8848497247997151
