,"Logit(1, 1, 0, 0)","XGBoost(1, 1, 0, 0)","Logit(1, 1, 1, 1)","XGBoost(1, 1, 1, 1)"
0,0.7755251955251954,0.9098290598290599,0.8130414585264081,0.9122138545215466
1,0.8760849320171353,0.8831739688882546,0.8773432449903036,0.8999999999999999
2,0.918294827344601,0.9119918542995465,0.9085251852220175,0.929375696767001
3,0.6228946777859821,0.6971901318055165,0.6226002831501035,0.7111302669831099
