,"Logit(1, 1, 0, 0)","XGBoost(1, 1, 0, 0)","Logit(1, 1, 1, 1)","XGBoost(1, 1, 1, 1)"
0,0.5697303928645407,0.7796280369404347,0.5750323350083677,0.7877783038456054
1,0.5605191360820054,0.8733290752210516,0.5785171213152309,0.8613506240335067
2,0.6264643146691206,0.8994093955457327,0.6393835449447287,0.8649377401599714
3,0.5575974096363774,0.8428169085878827,0.5982649232229832,0.7869441355258724
