,"Logit(1, 1, 0, 0)","XGBoost(1, 1, 0, 0)","Logit(1, 1, 1, 1)","XGBoost(1, 1, 1, 1)"
0,8.368324087378475,10.045895886691243,8.20123080977642,10.010151423763775
1,10.773249050042379,10.30432780414208,9.88107032876332,11.186317039315071
2,7.187950818585672,8.003938162966987,7.105335568930287,7.23208003914302
3,8.218076418448529,9.162978275955288,8.39359794051127,8.704365403858167
