,"Logit(1, 1, 1, 1)","XGBoost(1, 1, 1, 1)"
0,0.827395080301655,0.789567450301951
1,0.8568870575303839,0.8671206612933837
2,0.8530858965234197,0.8375947100368263
3,0.7722764705574475,0.7376129237501636
