,"Logit(1, 1, 0, 0)","XGBoost(1, 1, 0, 0)","Logit(1, 1, 1, 1)","XGBoost(1, 1, 1, 1)"
0,0.6283846872082166,0.6097105508870215,0.6330532212885154,0.6167133520074696
1,0.6649999999999999,0.6686363636363637,0.6659090909090909,0.6809090909090909
2,0.7861904761904762,0.709047619047619,0.7861904761904762,0.7052380952380952
3,0.6885714285714286,0.6228571428571428,0.7038095238095238,0.619047619047619
