,"Logit(1, 1, 0, 0)","XGBoost(1, 1, 0, 0)","Logit(1, 1, 1, 1)","XGBoost(1, 1, 1, 1)"
0,0.5887312699031829,0.49678477183747555,0.5891937983109561,0.5480140532454408
1,0.4606878813525059,0.41205004768292536,0.49564011442558625,0.49351153246321894
2,0.36927334672268153,0.42776437653191995,0.36592100533489713,0.3772016687940734
3,0.6016920077598216,0.4354407166071786,0.5338262944989444,0.47169990078670476
