,"Logit(1, 1, 0, 0)","XGBoost(1, 1, 0, 0)","Logit(1, 1, 1, 1)","XGBoost(1, 1, 1, 1)"
0,0.6162486454977261,0.847619895248497,0.7653516734787595,0.8860523113397711
1,0.7147937162146212,0.8743402901640634,0.7566363495792866,0.9355629510206959
2,0.862104107223908,0.8723013793159986,0.8558289275209332,0.9196894249551794
3,0.8951797897470442,0.877476829425768,0.9097610981155033,0.9401435112451579
