,"Logit(1, 1, 0, 0)","XGBoost(1, 1, 0, 0)","Logit(1, 1, 1, 1)","XGBoost(1, 1, 1, 1)"
0,0.977283950617284,0.9928395061728396,0.9787654320987654,0.9583950617283951
1,0.9953086419753087,0.9965432098765431,0.9714814814814815,0.9990123456790123
2,0.9896894409937889,0.9962732919254659,0.9658385093167703,0.9921739130434782
3,0.9891660367850844,0.9958427815570673,0.9759385235575712,0.9887881078357268
