,"Logit(1, 1, 1, 1)","XGBoost(1, 1, 1, 1)"
0,0.9192982456140351,0.8964912280701754
1,0.8780701754385964,0.9017543859649123
2,0.8936936936936937,0.9189189189189189
3,0.8747747747747747,0.8630630630630631
