,"Logit(1, 1, 1, 1)","XGBoost(1, 1, 1, 1)"
0,18.327235876180087,18.055145172918746
1,18.3318350933169,19.147144644999017
2,18.995623192745505,18.71316299065691
3,16.882995657927964,16.24799135823036
