,"Logit(1, 1, 1, 1)","XGBoost(1, 1, 1, 1)"
0,7.856784143390993,9.159731955258785
1,9.356025857920937,9.157971818429345
2,7.660730017508545,8.535780830812818
3,7.597022686344831,8.729615319718407
