,"Logit(1, 1, 1, 1)","XGBoost(1, 1, 1, 1)"
0,8.063376492328961,7.989969814406257
1,7.3413288780664985,7.392194737296957
2,7.964021109260229,7.839727904584236
3,7.660879772047996,7.82120874824692
