,"Logit(1, 1, 0, 0)","XGBoost(1, 1, 0, 0)","Logit(1, 1, 1, 1)","XGBoost(1, 1, 1, 1)"
0,0.8667289590254706,0.8663482834994463,0.8665905315614617,0.8290766888150609
1,0.897862979258328,0.887282631468678,0.8965360709546757,0.8893428312032964
2,0.8762832600041903,0.864131573433899,0.8704169285564635,0.8667853900412041
3,0.8372442209651513,0.8191912843075634,0.834799916195265,0.8296319575389343
