,"Logit(1, 1, 1, 1)","XGBoost(1, 1, 1, 1)"
0,2.80895974031429,3.441855801869613
1,3.2429188025706397,3.2997568515603515
2,3.3728445710899364,3.471756079407406
3,4.085645569410422,4.050894391652289
