,"Logit(1, 1, 0, 0)","XGBoost(1, 1, 0, 0)","Logit(1, 1, 1, 1)","XGBoost(1, 1, 1, 1)"
0,0.8797659460397684,0.9762925480825544,0.8774529456168354,0.9734898535755164
1,0.9784839675828048,0.9731843183187339,0.9694094391534138,0.9907237063172043
2,0.8746944907425831,0.9544170185605679,0.9195353265683643,0.9592238373204798
3,0.8259634335097119,0.9392927740119923,0.8223694904208747,0.9574025215724646
