,"Logit(1, 1, 1, 1)","XGBoost(1, 1, 1, 1)"
0,0.8937685457366503,0.9885473456227887
1,0.8580752386539987,0.9923533451732869
2,0.8818656516421203,0.979417608872343
3,0.9490568722486112,0.9367072825129406
