,"Logit(1, 1, 1, 1)","XGBoost(1, 1, 1, 1)"
0,6.513972871140328,7.148156381850989
1,5.2991327119469,7.429201082462951
2,7.089852387519982,7.817720461464377
3,7.4418457804827085,7.321807243640415
