,"Logit(1, 1, 0, 0)","XGBoost(1, 1, 0, 0)","Logit(1, 1, 1, 1)","XGBoost(1, 1, 1, 1)"
0,12.541578917370956,12.717103016795997,13.068819514766833,12.714293935803516
1,12.896024697526615,12.542445288177882,13.07144976110857,13.072316131915496
2,13.068819514766833,13.07149804473889,13.073157765449405,12.89773270186745
3,13.24774119549745,13.246923108320845,13.246923108320845,13.246081474786935
