,"Logit(1, 1, 1, 1)","XGBoost(1, 1, 1, 1)"
0,0.7300960735171261,0.7593358395989975
1,0.791291481716339,0.7871908687381103
2,0.6847812301838935,0.6976749101669837
3,0.7116677235256816,0.7127668569012893
