,"Logit(1, 1, 0, 0)","XGBoost(1, 1, 0, 0)","Logit(1, 1, 1, 1)","XGBoost(1, 1, 1, 1)"
0,0.6237037037037036,0.8548148148148148,0.7570370370370371,0.8918518518518519
1,0.7708333333333334,0.8690476190476191,0.7886904761904763,0.925595238095238
2,0.8214285714285714,0.8623511904761905,0.8110119047619048,0.9017857142857143
3,0.8883928571428571,0.8690476190476191,0.9032738095238095,0.9300595238095237
