,"Logit(1, 1, 1, 1)","XGBoost(1, 1, 1, 1)"
0,0.9155983173609369,0.8845695747733486
1,0.8573730736763044,0.8848776471145113
2,0.8734967427831654,0.9089287721875366
3,0.8910158839036993,0.8730574759023599
