,"Logit(1, 1, 0, 0)","XGBoost(1, 1, 0, 0)","Logit(1, 1, 1, 1)","XGBoost(1, 1, 1, 1)"
0,0.6248458880957775,0.6515633276437536,0.6235891466703504,0.6093673253229747
1,0.5925809376449871,0.6369762044778515,0.5870223825678516,0.6277662492404977
2,0.6491669535060636,0.6559356204707986,0.6383967912753269,0.6852195478702234
3,0.5705432999988639,0.6065143412907343,0.5383343374533764,0.6193524027087425
