,"Logit(1, 1, 0, 0)","XGBoost(1, 1, 0, 0)","Logit(1, 1, 1, 1)","XGBoost(1, 1, 1, 1)"
0,0.9131578947368422,0.8964912280701754,0.9175438596491229,0.9140350877192983
1,0.8535087719298247,0.8254385964912281,0.8859649122807016,0.8649122807017544
2,0.9135135135135135,0.918018018018018,0.918918918918919,0.9018018018018019
3,0.8936936936936937,0.8837837837837839,0.8729729729729728,0.8612612612612612
