,"Logit(1, 1, 1, 1)","XGBoost(1, 1, 1, 1)"
0,15.614523662181332,15.591502889848636
1,15.112178022017316,15.485110543814104
2,14.394099996746133,14.865122953270564
3,15.206322985296147,15.314175759232894
