,"Logit(1, 1, 1, 1)","XGBoost(1, 1, 1, 1)"
0,0.04305811994513822,0.030952380952380953
1,0.06881380132455892,0.13699633699633698
2,0.046952268486305626,0.21832254958840025
3,0.018406278030258693,0.08352010825897577
