,"Logit(1, 1, 1, 1)","XGBoost(1, 1, 1, 1)"
0,0.8002096187312133,0.5335785476981489
1,0.8702736908716976,0.6399303907609555
2,0.7215234931181775,0.7623793703527922
3,0.6851094641792317,0.5305392282136467
