,"Logit(1, 1, 1, 1)","XGBoost(1, 1, 1, 1)"
0,0.7559903179744366,0.9019956117438094
1,0.822432347717062,0.8979730435691151
2,0.8508341169505101,0.9266098979556299
3,0.7499182595017806,0.9013458462571688
