,"Logit(1, 1, 1, 1)","XGBoost(1, 1, 1, 1)"
0,0.16461079312638288,0.17930514954533425
1,0.21135841231470368,0.15434806989505515
2,0.3076605421849096,0.3051278529215959
3,0.3422581963473067,0.2725803231984764
