,"Logit(1, 1, 1, 1)","XGBoost(1, 1, 1, 1)"
0,1.2727279925578872,1.6753894372627043
1,2.1982389328561434,0.901341105302351
2,3.0403521804672806,2.6918015251201535
3,2.485902665116262,2.57477825638843
