,"Logit(1, 1, 1, 1)","XGBoost(1, 1, 1, 1)"
0,3.7614265484484872,2.530595162009616
1,2.863602372679009,2.7659262272253153
2,4.059695073384478,2.756684048359533
3,3.610868671752723,3.162595510159793
