,"Logit(1, 1, 1, 1)","XGBoost(1, 1, 1, 1)"
0,2.243059994342564,1.8333333333333333
1,1.3868528072345416,1.6716720638937508
2,2.9484591188793923,2.8770711884305795
3,2.5616063116448506,2.5763933276758975
