,"Logit(1, 1, 1, 1)","XGBoost(1, 1, 1, 1)"
0,0.5950660450660451,0.5420088969002013
1,0.4068360071301248,0.46976461038961037
2,0.8145833333333333,0.7944128787878788
3,0.7260325881015535,0.6293135435992578
