,"Logit(1, 1, 1, 1)","XGBoost(1, 1, 1, 1)"
0,0.953125,0.9427083333333334
1,0.8893229166666667,0.9283854166666667
2,0.9671052631578947,0.9697368421052631
3,0.90625,0.943452380952381
