,"Logit(1, 1, 1, 1)","XGBoost(1, 1, 1, 1)"
0,7.988413691033606,7.734283602745145
1,7.640298898784337,9.37131332184182
2,9.13295039889538,9.09910901956381
3,9.71108270162339,9.26793553522668
