,"Logit(1, 1, 1, 1)","XGBoost(1, 1, 1, 1)"
0,0.7216567039186809,0.703324886655693
1,0.7697937422391636,0.8015012706113374
2,0.7534725230298305,0.7408710907043229
3,0.7393809086134453,0.8209635416666666
