,"Logit(1, 1, 1, 1)","XGBoost(1, 1, 1, 1)"
0,0.8947631088634549,0.9069071067340962
1,0.9434721852541922,0.939329917487357
2,0.9024820335373969,0.9423409635347352
3,0.9387809422411498,0.9442706947032207
