,"Logit(1, 1, 1, 1)","XGBoost(1, 1, 1, 1)"
0,0.006139290678112802,0.08556804050367461
1,0.03345250082645818,0.020912242042173845
2,0.007891639436102126,0.006732615232228711
3,0.016433262257553122,0.06323988870196083
