,"Logit(1, 1, 1, 1)","XGBoost(1, 1, 1, 1)"
0,0.5275041619869206,0.551998151998152
1,0.5161940175491987,0.46989279011969975
2,0.5447146353215663,0.5183670622844391
3,0.5009494192533983,0.5783096533272469
