,"Logit(1, 1, 1, 1)","XGBoost(1, 1, 1, 1)"
0,7.894603864900966,8.310253015958597
1,7.169498593009781,8.032372704145828
2,7.196706621564874,7.849865182694614
3,7.20074793420629,7.881284908789108
