,"Logit(1, 1, 1, 1)","XGBoost(1, 1, 1, 1)"
0,0.7949664269348269,0.7887729124236251
1,0.7404802062118128,0.745706307281059
2,0.7622199592668024,0.7714597123217923
3,0.7365776350065718,0.7793077705390457
