,"Logit(1, 1, 0, 0)","XGBoost(1, 1, 0, 0)"
0,0.049467447619495473,0.007692307692307693
1,0.07567218726984459,0.007692307692307693
2,0.0530551617876219,0.007692307692307693
3,0.027434197631878102,0.007146783947223749
