,"Logit(1, 1, 0, 0)","XGBoost(1, 1, 0, 0)"
0,0.8630498380524501,0.9000278619440671
1,0.836615818618744,0.89801657785672
2,0.881081739978407,0.9278462717236096
3,0.7854687486192483,0.8932203988936314
