,"Logit(1, 1, 0, 0)","XGBoost(1, 1, 0, 0)"
0,9.334585309060067,10.98724030515714
1,9.436223592666527,11.02757328035597
2,10.768517418320279,10.362282335895387
3,8.264664937376942,10.304891608575273
