,"Logit(1, 1, 0, 0)","XGBoost(1, 1, 0, 0)"
0,0.9440104166666667,0.9375
1,0.9192708333333333,0.8984375
2,0.9236842105263158,0.9815789473684211
3,0.9285714285714285,0.9702380952380952
