,"Logit(1, 1, 0, 0)","XGBoost(1, 1, 0, 0)"
0,0.061512129831694344,0.08221476498443199
1,0.07646090107224213,0.07270864576685065
2,0.10328036111151198,0.11638038582427924
3,0.05665330287869537,0.07960626109511633
