,"Logit(1, 1, 0, 0)","XGBoost(1, 1, 0, 0)"
0,3.585894530769723,3.507729158154341
1,2.547543664427442,4.676929017299851
2,3.9509898214026906,3.7846154144652604
3,2.987920049156001,5.76333693024183
