,"Logit(1, 1, 0, 0)","XGBoost(1, 1, 0, 0)"
0,0.30418674132193924,0.3002037776055072
1,0.2504266677583521,0.41033214412615043
2,0.3599854881097643,0.3498463062794675
3,0.2767733407067925,0.5174587493076609
