,"Logit(1, 1, 0, 0)","XGBoost(1, 1, 0, 0)"
0,2.1368528072345416,1.7432060325559207
1,1.1895405204413554,3.042447477148871
2,1.5820176633757441,1.5628054119337025
3,2.0264809094350196,2.2632981487698833
