,"Logit(1, 1, 0, 0)","XGBoost(1, 1, 0, 0)"
0,2.327394244058323,1.7962513117727554
1,1.3372976502894363,2.0436900842526646
2,3.0593115821969024,2.8462945698702753
3,1.7164415327384095,1.287847683082916
