,"Logit(1, 1, 0, 0)","XGBoost(1, 1, 0, 0)"
0,0.5501867915661018,0.5179144661903283
1,0.5089822352404139,0.511209962720633
2,0.5504793061472916,0.5639835666463786
3,0.4998557643538243,0.5110007417833232
