,"Logit(1, 1, 0, 0)","XGBoost(1, 1, 0, 0)"
0,0.6954080056941953,0.8507187877062344
1,0.6568102181871197,0.9484555843251495
2,0.6155705658536489,0.8119178511158798
3,0.573814468294912,0.9330992457411296
