,"Logit(1, 1, 0, 0)","XGBoost(1, 1, 0, 0)"
0,0.9791177476347886,0.989969223754702
1,0.9919297845662829,0.99701356434515
2,0.9731220791063491,0.9584976632850792
3,0.9769520118545537,0.9730080930126525
