,"Logit(1, 1, 0, 0)","XGBoost(1, 1, 0, 0)"
0,0.8369779387240163,0.8355898572843737
1,0.8313520903254931,0.8847305095424258
2,0.7943321181967291,0.8602505144459975
3,0.8285517983808383,0.8217421496504524
