,"Logit(1, 1, 0, 0)","XGBoost(1, 1, 0, 0)"
0,0.24396797347256463,0.10776229894947514
1,0.2460345174307579,0.10907477773416781
2,0.19123804744416878,0.09152146644250389
3,0.21742265016853707,0.1291217366174047
