,"Logit(1, 1, 0, 0)","XGBoost(1, 1, 0, 0)"
0,6.080901715298278,4.307365222680626
1,5.757670081851035,4.367901228410401
2,3.567224794139589,2.7087558145332116
3,5.158772064624236,5.232622940177667
