,"Logit(1, 1, 0, 0)","XGBoost(1, 1, 0, 0)"
0,0.8287879543301591,0.5798474348107894
1,0.82943610709478,0.5934337139153413
2,0.8184537032466143,0.5976946240805647
3,0.7898833325105725,0.6074854782708858
