,"Logit(1, 1, 0, 0)","XGBoost(1, 1, 0, 0)"
0,0.7960786341649695,0.8058307344704684
1,0.7450165478615072,0.7399630855397149
2,0.7723857561099797,0.7568657713849287
3,0.7732088882984024,0.7783540293587791
