,"Logit(1, 1, 0, 0)","XGBoost(1, 1, 0, 0)"
0,0.15641616736279876,0.1615401844882061
1,0.10003372675249211,0.11017291268096531
2,0.13953276790685926,0.11366861653458908
3,0.120538720843141,0.11811938756761657
