,"Logit(1, 1, 1, 1)","XGBoost(1, 1, 1, 1)"
0,2.1202170785147487,1.9463946303571862
1,1.6895405204413554,0.38685280723454163
2,3.5972573289984546,3.0070698857492903
3,2.9484591188793923,2.9484591188793923
