,"Logit(1, 1, 1, 1)","XGBoost(1, 1, 1, 1)"
0,3.7542362338245234,3.581779230591556
1,4.768331053361287,4.966452321340611
2,4.052459266533101,3.3903910786641327
3,3.6757113208056786,5.0796355011160905
