,"Logit(1, 1, 1, 1)","XGBoost(1, 1, 1, 1)"
0,0.05812215535197311,0.06547802767576397
1,0.054460919156480506,0.0573249288486775
2,0.06567930091119839,0.05967660660418847
3,0.05156003939779545,0.057347868510270315
