,"Logit(1, 1, 1, 1)","XGBoost(1, 1, 1, 1)"
0,0.14696074791604996,0.1581395191210376
1,0.09466741201448502,0.10787671834349433
2,0.11634405493811399,0.1374071732319594
3,0.10302696965106756,0.12082254774102331
