,"Logit(1, 1, 1, 1)","XGBoost(1, 1, 1, 1)"
0,0.9054895302773062,0.9915110356536503
1,0.9681919642857142,0.9921875
2,0.9140625,0.9715401785714286
3,0.8600230414746545,0.9804147465437788
