,"Logit(1, 1, 1, 1)","XGBoost(1, 1, 1, 1)"
0,0.9456168831168832,0.9545454545454545
1,0.9232954545454545,0.9303300865800865
2,0.8851674641148324,0.9204374572795625
3,0.9340734649122807,0.9476425438596492
