,"Logit(1, 1, 1, 1)","XGBoost(1, 1, 1, 1)"
0,0.9328277356446371,0.9880823401950163
1,0.886240520043337,0.9111592632719393
2,0.9794149512459371,0.9934994582881906
3,0.9263271939328277,0.9414951245937161
