,"Logit(1, 1, 1, 1)","XGBoost(1, 1, 1, 1)"
0,29.965028124306983,37.99136958733841
1,29.231840158857032,42.481888854531356
2,32.04145008095554,42.14290731475903
3,29.4977865113461,38.9603404874481
