,"Logit(1, 1, 0, 0)","XGBoost(1, 1, 0, 0)"
0,0.33179907758850824,0.34561855221755766
1,0.27809962895184737,0.2966900157175224
2,0.2396342577752849,0.35696315838889175
3,0.3055521855768122,0.3128356391844478
