,"Logit(1, 1, 0, 0)","XGBoost(1, 1, 0, 0)"
0,0.7643485229143203,0.8199991336740883
1,0.7709813306766006,0.8356146582344277
2,0.7855518496058218,0.8431390597476103
3,0.75859302054155,0.8254624766573295
