,"Logit(1, 1, 0, 0)","XGBoost(1, 1, 0, 0)"
0,9.392837798969518,9.764380934703437
1,7.66634383380393,8.362730954213129
2,7.252145865912835,9.734313129567463
3,8.604266429614144,9.09213320394318
