,"Logit(1, 1, 0, 0)","XGBoost(1, 1, 0, 0)"
0,21.97859758120981,22.26932241666048
1,21.081007254747092,21.81108307038732
2,22.342113884214253,22.371792382915988
3,21.671260911600633,21.829863098944028
