,"Logit(1, 1, 0, 0)","XGBoost(1, 1, 0, 0)"
0,0.9865581435780592,0.9781238133146666
1,0.9666103920465203,0.9692971620205791
2,0.9870911511591199,0.9798909736424319
3,0.9731826271554782,0.9808368905298508
