,"Logit(1, 1, 0, 0)","XGBoost(1, 1, 0, 0)"
0,0.15517211770450542,0.16288554372458397
1,0.09452927236268663,0.09754002574285373
2,0.13638385142904252,0.14694545701317666
3,0.11171082317948904,0.10879826938186384
