,"Logit(1, 1, 1, 1)","XGBoost(1, 1, 1, 1)"
0,0.038977332680575995,0.04285714285714286
1,0.07512655437246084,0.22032967032967032
2,0.04658384829952234,0.23271911604577555
3,0.01772704689342527,0.09372804570449501
