,"Logit(1, 1, 1, 1)","XGBoost(1, 1, 1, 1)"
0,0.9133279597932767,0.9105305580579394
1,0.8764876013465459,0.912190033663648
2,0.909685734113215,0.9184346188162982
3,0.9508773669079013,0.9297115098641816
