,"Logit(1, 1, 0, 0)","XGBoost(1, 1, 0, 0)"
0,0.9199184486273766,0.9113365890664263
1,0.8724574463041107,0.9196102603006021
2,0.9116684841875682,0.9502825418855954
3,0.9481510855556657,0.9468127292554773
