,"Logit(1, 1, 0, 0)","XGBoost(1, 1, 0, 0)"
0,0.2028652129124566,0.18858851696165024
1,0.23766090391161313,0.224112062154836
2,0.27447582166023393,0.3789729152557122
3,0.2814089220359953,0.4121276101182026
