,"Logit(1, 1, 0, 0)","XGBoost(1, 1, 0, 0)"
0,0.7818489921018508,0.7424820228692679
1,0.7697851585523989,0.7133060238123307
2,0.634407067063684,0.7109994580830123
3,0.7437548437472685,0.7034927423913107
