,"Logit(1, 1, 1, 1)","XGBoost(1, 1, 1, 1)"
0,0.17846960556262878,0.31648375970704035
1,0.4135058749727455,0.39526486341654493
2,0.31897965973941944,0.2682390296649242
3,0.31832206423858694,0.3255887556336817
