,"Logit(1, 1, 1, 1)","XGBoost(1, 1, 1, 1)"
0,3.577543175418884,5.515894582673059
1,6.643240767700039,6.401584620824297
2,5.626488956074342,4.923260108144232
3,5.794789657456121,5.773901778569332
