,"Logit(1, 1, 1, 1)","XGBoost(1, 1, 1, 1)"
0,0.7023668459271413,0.800815787075016
1,0.7948464578899361,0.8662891456369717
2,0.7773487382183034,0.7979553055640013
3,0.7279948312557009,0.7751596229857098
