,"Logit(1, 1, 1, 1)","XGBoost(1, 1, 1, 1)"
0,0.1999864092433703,0.26959408526998374
1,0.4107704230440251,0.34561129819829256
2,0.323836481391353,0.2724081442345897
3,0.3240397868025064,0.31966542960484934
