,"Logit(1, 1, 0, 0)","XGBoost(1, 1, 0, 0)"
0,4.38601466344763,5.56001337948332
1,6.380573423055945,6.942084249495715
2,5.682353437278629,4.932363045731705
3,5.311310167615725,5.539453798480822
