,"Logit(1, 1, 1, 1)","XGBoost(1, 1, 1, 1)"
0,0.2713608949781387,0.32141472746201455
1,0.2000861031110826,0.30833902969527177
2,0.2071722639839674,0.3585438207996031
3,0.2434095389085345,0.30254407545662587
