,"Logit(1, 1, 1, 1)","XGBoost(1, 1, 1, 1)"
0,0.7505544921459605,0.794944246954091
1,0.790133779264214,0.8870857403466099
2,0.7922772879294618,0.7725220431742171
3,0.7336652477956827,0.7688051079355428
