,"Logit(1, 1, 1, 1)","XGBoost(1, 1, 1, 1)"
0,3.9174001155872724,5.52886981265839
1,6.532410636518884,5.791642237371879
2,4.805679174493188,5.267632551888397
3,3.349448544805804,5.697075297097076
