,"Logit(1, 1, 0, 0)","XGBoost(1, 1, 0, 0)"
0,0.25024049342114946,0.31371182011535165
1,0.37633575687998194,0.4282486879415131
2,0.3110639065544639,0.2727486783723633
3,0.2864680858820306,0.3109648238621218
