,"Logit(1, 1, 1, 1)","XGBoost(1, 1, 1, 1)"
0,0.2032174384485205,0.29697482834803346
1,0.3793955466462448,0.3410560738824767
2,0.25362797692529687,0.2673141335528331
3,0.1729285928070402,0.3245038688919961
