,"Logit(1, 1, 0, 0)","XGBoost(1, 1, 0, 0)"
0,9.33547193006421,8.875902055904083
1,9.096728840021013,8.153616676103752
2,7.652831146017121,7.50875877833755
3,8.935918839360484,8.415424880304064
