,"Logit(1, 1, 0, 0)","XGBoost(1, 1, 0, 0)","Logit(1, 1, 1, 1)","XGBoost(1, 1, 1, 1)"
0,9.007469346892375,9.77802541722148,9.569962961095856,10.325203348888806
1,8.462292927816398,8.80371694267768,7.896834809633658,8.333986765183525
2,7.424130813046257,9.24256813719951,7.779162005189539,9.78768915071547
3,8.956724752801504,8.940671409606963,9.00908924868605,8.713717742138169
