,"Logit(1, 1, 0, 0)","XGBoost(1, 1, 0, 0)"
0,0.7407103576094552,0.8233448789232218
1,0.7933110367892977,0.8645332927941622
2,0.7808300395256917,0.7948692611736089
3,0.6954013377926422,0.7724004256612953
