,"Logit(1, 1, 1, 1)","XGBoost(1, 1, 1, 1)"
0,0.7504800889427936,0.8316999480204452
1,0.7315237950850443,0.8313317595079269
2,0.7545698691847873,0.8550763088740652
3,0.7378545168067226,0.8242479283380018
