,"Logit(1, 1, 0, 0)","XGBoost(1, 1, 0, 0)"
0,0.7666587253458084,0.8097764879147535
1,0.7723638424441941,0.8049755984868174
2,0.7988463426607757,0.8074356031072223
3,0.7581115779645191,0.8231774480625583
