,"Logit(1, 1, 0, 0)","XGBoost(1, 1, 0, 0)"
0,8.996601052454764,8.642984035537845
1,9.072206750804488,7.808059630194945
2,7.214050670982667,8.093124763066017
3,9.28900445702614,7.723882090911782
