,"Logit(1, 1, 1, 1)","XGBoost(1, 1, 1, 1)"
0,1.2058749313994916,2.0363239995047797
1,2.1945902999917304,3.324675474153173
2,2.807574704789583,4.051707901109207
3,1.190312467010278,3.1083605723467467
