,"Logit(1, 1, 0, 0)","XGBoost(1, 1, 0, 0)"
0,0.5538682864450128,0.5455931536494196
1,0.7864819004524887,0.6819668502852646
2,0.624171958517977,0.5279478276760017
3,0.5437891178217369,0.6161770752432729
