,"Logit(1, 1, 1, 1)","XGBoost(1, 1, 1, 1)"
0,0.007317779132695747,0.081379473194299
1,0.04281657110746127,0.03898165810562888
2,0.008471719287774394,0.01988857493220934
3,0.009214544839196235,0.046837683720331535
