,"Logit(1, 1, 1, 1)","XGBoost(1, 1, 1, 1)"
0,0.6093227424749164,0.5203988786149911
1,0.7082308675978752,0.6786346645681685
2,0.5865046370322994,0.5290899538581022
3,0.5402028416099411,0.7431358216455755
