,"Logit(1, 1, 1, 1)","XGBoost(1, 1, 1, 1)"
0,0.0,1.0
1,0.6495023422717352,0.38685280723454163
2,0.0,1.5
3,0.0,0.5900948219818691
