,"Logit(1, 1, 1, 1)","XGBoost(1, 1, 1, 1)"
0,0.006522916867971762,0.08359125005362497
1,0.03741681290214861,0.02344129408037771
2,0.006583400992806869,0.12603752128817325
3,0.028156881066203183,0.055074067771940474
