,"Logit(1, 1, 0, 0)","XGBoost(1, 1, 0, 0)"
0,0.005171287391520245,0.023067234578071808
1,0.1411692338728896,0.024573307722330427
2,0.011344411025731391,0.015440328227403578
3,0.008247026740612274,0.04726330363259626
