,"Logit(1, 1, 0, 0)","XGBoost(1, 1, 0, 0)"
0,0.0,0.5
1,1.7890648263178879,0.3333333333333333
2,0.0,0.0
3,0.0,0.6487982101190621
