,"Logit(1, 1, 1, 1)","XGBoost(1, 1, 1, 1)"
0,2.343322135426284,1.8308731082598249
1,1.5534039892407732,1.7003034608391707
2,2.8481370958936596,2.808544278954142
3,1.4240640808311837,1.5271679739278996
