,"Logit(1, 1, 0, 0)","XGBoost(1, 1, 0, 0)"
0,0.8319005104893247,0.867669986264992
1,0.7963096769675371,0.9056887136774888
2,0.7567236999173927,0.865194610049373
3,0.8235650391848793,0.819643427940072
