,"Logit(1, 1, 0, 0)","XGBoost(1, 1, 0, 0)"
0,7.885459679836281,8.08884411506823
1,7.765666544040191,8.069372608666127
2,6.805027167913169,7.444441571811146
3,7.400881429496005,7.390925213339205
