,"Logit(1, 1, 0, 0)","XGBoost(1, 1, 0, 0)"
0,7.903901451132253,8.11169582526063
1,7.540378919801042,8.206555715578666
2,7.4907686645153895,8.088773819008605
3,7.655299016887474,7.400398394696681
