,"Logit(1, 1, 1, 1)","XGBoost(1, 1, 1, 1)"
0,7.686320896744322,8.101429607688546
1,7.614712887894509,8.236601223753999
2,7.197978450331471,7.8548887393387625
3,7.368484862656982,7.678373636278031
