,"Logit(1, 1, 0, 0)","XGBoost(1, 1, 0, 0)"
0,6.080901715298278,4.307365222680626
1,6.218206484296975,3.728199393289633
2,3.7696363885753446,1.6507751124459666
3,5.240168466034426,5.657924908323495
