,"Logit(1, 1, 1, 1)","XGBoost(1, 1, 1, 1)"
0,0.8164065745957354,0.849869538481993
1,0.82105997905968,0.8206278772165994
2,0.7646369156341017,0.7782865182406081
3,0.7800431126688716,0.8079922989583849
