,"Logit(1, 1, 0, 0)","XGBoost(1, 1, 0, 0)"
0,0.2423411596191632,0.10776229894947514
1,0.24847347684679733,0.14721961368312425
2,0.19175319012789327,0.12364563340752262
3,0.22416365475397376,0.21951674684526334
