,"Logit(1, 1, 0, 0)","XGBoost(1, 1, 0, 0)"
0,0.828222898073823,0.5803709428129831
1,0.8267022319722126,0.6241877316315169
2,0.8116083329219529,0.7027035921738987
3,0.7986375080219184,0.7687136956772145
