,"Logit(1, 1, 0, 0)","XGBoost(1, 1, 0, 0)"
0,6.086341990093014,4.307365222680626
1,5.920534794744222,4.471188515493743
2,3.766882044906125,2.435335738530197
3,5.395848299287511,5.862108874594209
