,"Logit(1, 1, 0, 0)","XGBoost(1, 1, 0, 0)"
0,0.8276578418174869,0.5798474348107894
1,0.8313390171344999,0.659790430606106
2,0.8141012983166314,0.69204472528015
3,0.7925573052936433,0.7787020124730545
