,"Logit(1, 1, 1, 1)","XGBoost(1, 1, 1, 1)"
0,0.804465606355221,0.8447881870003822
1,0.8144704259527014,0.8387055225939406
2,0.7346801928551447,0.8155822678580245
3,0.7646821674811999,0.8027019466521861
