,"Logit(1, 1, 0, 0)","XGBoost(1, 1, 0, 0)","Logit(1, 1, 1, 1)","XGBoost(1, 1, 1, 1)"
0,0.9326224520030298,0.9213259220606156,0.9173996108773241,0.9217101798076539
1,0.8915806865296826,0.9002918876530283,0.8839464987171474,0.8992396086373561
2,0.9271867093372115,0.9197176546177294,0.9156393917611835,0.9220780107178148
3,0.9118704100782168,0.8987007477878843,0.9055642297783614,0.9150330602027956
