,"Logit(1, 1, 1, 1)","XGBoost(1, 1, 1, 1)"
0,0.9008731837711664,0.9176664797164303
1,0.880119902864003,0.900629622802177
2,0.9178035479376325,0.9246757123165457
3,0.9106619026333338,0.9020317913578401
