,"Logit(1, 1, 1, 1)","XGBoost(1, 1, 1, 1)"
0,0.8934483157737475,0.901586343210067
1,0.8764247702080197,0.8713111732186547
2,0.8980460069132509,0.9296274829887629
3,0.8852491042972628,0.924334191507928
