,"Logit(1, 1, 0, 0)","XGBoost(1, 1, 0, 0)","Logit(1, 1, 1, 1)","XGBoost(1, 1, 1, 1)"
0,22.126581456763017,22.270271761250854,22.123027004845166,22.08378693591831
1,21.227938979442484,21.671900674976722,21.33125279983414,21.885356137203768
2,22.386027425711543,22.52876097858445,22.339567287956083,22.26593655815286
3,21.67546311290584,21.682237767922476,21.660196333571687,21.80096461936085
