,"Logit(1, 1, 0, 0)","XGBoost(1, 1, 0, 0)"
0,0.9234083384798161,0.9164774961782591
1,0.8861275460547813,0.905867602703663
2,0.915697759362312,0.9208800781822284
3,0.9048210175029466,0.9095574542225586
