,"Logit(1, 1, 1, 1)","XGBoost(1, 1, 1, 1)"
0,0.9169285492485568,0.917034661695629
1,0.8796333500683912,0.8790577936167298
2,0.8989278444665202,0.9275351995424016
3,0.8929418181220522,0.9105215196205463
