,"Logit(1, 1, 0, 0)","XGBoost(1, 1, 0, 0)"
0,21.97499690725644,22.269296729276892
1,21.223024924270355,21.80829340214306
2,22.362523492157337,22.48046533113374
3,21.6576535189826,21.829137201416057
