,"Logit(1, 1, 1, 1)","XGBoost(1, 1, 1, 1)"
0,0.97934309675117,0.9827161425806716
1,0.9621358734690331,0.9731643264659996
2,0.9870522621939781,0.9746260940380929
3,0.9768381898788037,0.971741447859048
