,"Logit(1, 1, 0, 0)","XGBoost(1, 1, 0, 0)"
0,0.9723453706118377,0.9804091119132913
1,0.9702041899428561,0.972089160959139
2,0.9806195698422938,0.9832365684377159
3,0.974985245069108,0.9824633643072502
