,"Logit(1, 1, 0, 0)","XGBoost(1, 1, 0, 0)"
0,6.018522149317794,7.212242484273781
1,3.683589670589588,4.002370973608769
2,6.185305271918272,6.700185178051686
3,4.148507385186783,4.386281006669084
