,"Logit(1, 1, 0, 0)","XGBoost(1, 1, 0, 0)"
0,0.79434429098778,0.7971844768329939
1,0.7375708057535642,0.7423736634419551
2,0.7728280931771893,0.772313359215886
3,0.7730989629053202,0.7753306856339375
