,"Logit(1, 1, 1, 1)","XGBoost(1, 1, 1, 1)"
0,0.7823486825356415,0.7840901858452138
1,0.7285744971995927,0.750791592413442
2,0.7562547734215885,0.7784145875763747
3,0.7675837133272282,0.7437860519701952
