,"Logit(1, 1, 1, 1)","XGBoost(1, 1, 1, 1)"
0,0.40153254469039795,0.4527122671102275
1,0.46758318314143377,0.49194510643519596
2,0.49725899541561946,0.47673177737876854
3,0.53296956217367,0.5443292486170443
