,"Logit(1, 1, 1, 1)","XGBoost(1, 1, 1, 1)"
0,0.8875023174169284,0.9889235749797662
1,0.9773516132939485,0.9884297659612625
2,0.8876394485036607,0.9592036019137312
3,0.8421842451616274,0.9686993236875668
