,"Logit(1, 1, 1, 1)","XGBoost(1, 1, 1, 1)"
0,0.4678940730635336,0.48823441673994494
1,0.5290366552991493,0.5508726883315909
2,0.4619509977017935,0.6179654801293107
3,0.45643068943577497,0.4461909221706287
