,"Logit(1, 1, 1, 1)","XGBoost(1, 1, 1, 1)"
0,0.8665905315614617,0.8399778516057586
1,0.8963963963963965,0.890599902227809
2,0.8760737481667714,0.873873873873874
3,0.8354982889866611,0.8216006704378798
