,"Logit(1, 1, 1, 1)","XGBoost(1, 1, 1, 1)"
0,13.06963760194344,12.88897905209341
1,13.070631673931963,13.072316131915496
2,13.073157765449405,12.894314224603333
3,13.24774119549745,13.246081474786935
