,"Logit(1, 1, 1, 1)","XGBoost(1, 1, 1, 1)"
0,0.5736655340710635,0.795671449898496
1,0.5899813824791822,0.8783215636117803
2,0.6281242245695763,0.8964222371497703
3,0.5908007370200798,0.8218562959210389
