,"Logit(1, 1, 1, 1)","XGBoost(1, 1, 1, 1)"
0,5.371238769585115,5.588029651507185
1,5.685609110676438,6.320243460865945
2,5.4702838609323825,7.454138409641446
3,5.027861024039838,5.169132505171627
