,"Logit(1, 1, 1, 1)","XGBoost(1, 1, 1, 1)"
0,0.44077938961375507,0.5182560499964121
1,0.5412074239536538,0.5586786225241216
2,0.3525788246023218,0.3766195367820998
3,0.4042226425594706,0.45195601285541354
