,"Logit(1, 1, 1, 1)","XGBoost(1, 1, 1, 1)"
0,0.6229112426035504,0.7983905325443788
1,0.6174390532544378,0.8813065088757397
2,0.6498745562130177,0.8972591715976331
3,0.6244923076923077,0.8248236686390532
