,"Logit(1, 1, 1, 1)","XGBoost(1, 1, 1, 1)"
0,8.718516669640843,10.155876557111934
1,10.451638371959278,10.484892069191782
2,7.196836373657498,7.543559445595832
3,8.082532881538738,8.79769705227298
