,"Logit(1, 1, 1, 1)","XGBoost(1, 1, 1, 1)"
0,6.097109141560763,4.863175310848642
1,4.421320257775336,4.110093595284222
2,2.6475249148920543,3.2014628067071067
3,4.65323761921919,5.171171670488428
