,"Logit(1, 1, 1, 1)","XGBoost(1, 1, 1, 1)"
0,0.9286534582758321,0.9466710415842349
1,0.9192634697599907,0.9430617345904788
2,0.9277752579110412,0.9422124858860657
3,0.9103637638261411,0.9251684452406916
