,"Logit(1, 1, 1, 1)","XGBoost(1, 1, 1, 1)"
0,0.7273351648351648,0.6945970695970696
1,0.752518315018315,0.7747252747252747
2,0.749084249084249,0.8031135531135531
3,0.7342870544090057,0.7127110694183865
