,"Logit(1, 1, 1, 1)","XGBoost(1, 1, 1, 1)"
0,0.7502923976608188,0.6812865497076024
1,0.7029643073200242,0.615849969751966
2,0.5523290986085905,0.529643073200242
3,0.6448880822746521,0.6823956442831216
