,"Logit(1, 1, 1, 1)","XGBoost(1, 1, 1, 1)"
0,0.6067027516304144,0.6867180027283954
1,0.5567932322606266,0.623412482454143
2,0.6377361432749156,0.6845813331947077
3,0.518984288111646,0.5718377798487595
