,"Logit(1, 1, 1, 1)","XGBoost(1, 1, 1, 1)"
0,0.7924370629220125,0.9530840676351509
1,0.8758241758241756,0.882333767926988
2,0.9056251440866823,0.9695730363151176
3,0.6205759916521277,0.6031976799099923
