,"Logit(1, 1, 1, 1)","XGBoost(1, 1, 1, 1)"
0,0.6067027516304144,0.6867180027283954
1,0.5567932322606266,0.623412482454143
2,0.6377002137229681,0.6653865872638743
3,0.5189145899176677,0.614376232850561
