,"Logit(1, 1, 1, 1)","XGBoost(1, 1, 1, 1)"
0,8.768931176654164,7.956659525198199
1,7.996303412327363,9.661136217750974
2,9.301566488492533,8.969574630077704
3,9.679281287259426,9.298321320620541
