,"Logit(1, 1, 1, 1)","XGBoost(1, 1, 1, 1)"
0,0.9724837569816482,0.9906759375356207
1,0.9928872677533341,0.9978798586572439
2,0.9635016527983586,0.9726661347315627
3,0.973555226262396,0.9769292146358145
