,"Logit(1, 1, 1, 1)","XGBoost(1, 1, 1, 1)"
0,0.8164065745957354,0.849869538481993
1,0.7401239799903608,0.8318999185654219
2,0.7522132267035263,0.790274143917329
3,0.7598854716887989,0.8056474305178456
