,"Logit(1, 1, 1, 1)","XGBoost(1, 1, 1, 1)"
0,0.5913423508938459,0.8702736908716976
1,0.8116990982439487,0.9127313716184149
2,0.5199731055212783,0.5330248378421135
3,0.6072067467416304,0.7152227617343897
