,"Logit(1, 1, 1, 1)","XGBoost(1, 1, 1, 1)"
0,0.01466617773415883,0.11517035371760458
1,0.03931482476757641,0.23476702654991966
2,0.01679985147896932,0.15210412428116268
3,0.014625497298539018,0.09190392588454933
