,"Logit(1, 1, 1, 1)","XGBoost(1, 1, 1, 1)"
0,0.0,1.2345012413321106
1,0.0,1.5616063116448506
2,0.0,1.6309297535714575
3,0.0,1.0
