,"Logit(1, 1, 1, 1)","XGBoost(1, 1, 1, 1)"
0,0.9236641221374045,0.9084443601536201
1,0.9026124887392726,0.8677635010193921
2,0.9202438782591454,0.9079260434222266
3,0.955288985823337,0.933330028749876
