,"Logit(1, 1, 1, 1)","XGBoost(1, 1, 1, 1)"
0,1.2140142601258817,1.3152556489647345
1,2.1948148928078344,1.4353110118193024
2,2.717276341928237,3.0915836216791166
3,3.1711275350436807,2.672957423762753
