,"Logit(1, 1, 1, 1)","XGBoost(1, 1, 1, 1)"
0,0.20421930197604346,0.1668488755278841
1,0.23054510494930433,0.1661764051430517
2,0.29831762431205683,0.32705118146535367
3,0.3219594949719741,0.29762302979834604
