,"Logit(1, 1, 1, 1)","XGBoost(1, 1, 1, 1)"
0,0.0966947190594577,0.07447262826770328
1,0.06214113470116058,0.07347184286873426
2,0.09681126216148274,0.06277712398024386
3,0.07857669484600156,0.09573372742273767
