,"Logit(1, 1, 1, 1)","XGBoost(1, 1, 1, 1)"
0,0.7469291524224921,0.7507249793705058
1,0.7125383119179536,0.7632441353294825
2,0.7440986405458794,0.7161724344892286
3,0.7346121797299738,0.687849988054518
