,"Logit(1, 1, 1, 1)","XGBoost(1, 1, 1, 1)"
0,3.598475369052864,2.7371076330107997
1,2.048799045820006,1.6810622002721338
2,3.383196570316395,1.9679695418513565
3,2.585093344393285,3.9409459524048804
