,"Logit(1, 1, 1, 1)","XGBoost(1, 1, 1, 1)"
0,4.254570014761786,4.809512439762728
1,7.00042637277609,6.521375888276411
2,5.772374338120536,5.251215784628773
3,5.55944082425198,5.868406139122621
