,"Logit(1, 1, 1, 1)","XGBoost(1, 1, 1, 1)"
0,0.21859700751046532,0.24225875489467338
1,0.45933745521089486,0.4166703721229482
2,0.33703809219007935,0.2613231729199381
3,0.3133424517894154,0.35140511724786677
