,"Logit(1, 1, 1, 1)","XGBoost(1, 1, 1, 1)"
0,0.7310181387293775,0.8000638045756996
1,0.7840985101854667,0.8971647917300092
2,0.7794010337488599,0.7883095165703862
3,0.7350486470051687,0.7576771055031926
