,"Logit(1, 1, 1, 1)","XGBoost(1, 1, 1, 1)"
0,0.061031760867912545,0.09039528087341603
1,0.06338836420752324,0.07849477748425052
2,0.10428620346603246,0.11381211948324346
3,0.05069591998941541,0.09186277937796694
