,"Logit(1, 1, 1, 1)","XGBoost(1, 1, 1, 1)"
0,0.7134117878289069,0.7181111411389278
1,0.7053807117684474,0.7066295959620776
2,0.7256492969396194,0.7486145574855252
3,0.6668734491315136,0.7286559139784947
