,"Logit(1, 1, 1, 1)","XGBoost(1, 1, 1, 1)"
0,1.0216191745509975,2.8701062639206594
1,1.4156416739643196,3.181497866916061
2,3.9199761765955,4.378355036673197
3,1.145985608021788,3.0634064790687754
