,"Logit(1, 1, 1, 1)","XGBoost(1, 1, 1, 1)"
0,0.0,0.43067655807339306
1,0.6309297535714575,0.6309297535714575
2,0.0,0.0
3,0.518607559847009,0.6487982101190621
