,"Logit(1, 1, 1, 1)","XGBoost(1, 1, 1, 1)"
0,0.007371781950766779,0.024737396755157914
1,0.05200924994582669,0.0329612929482715
2,0.0084196914996641,0.009521679606855404
3,0.030753482876090848,0.045383976941003344
