,"Logit(1, 1, 1, 1)","XGBoost(1, 1, 1, 1)"
0,0.6212497540822348,0.5620819397993311
1,0.6914100924650797,0.6453128073972063
2,0.5754945406368496,0.5213806021289232
3,0.6072684910228882,0.641372378820412
