,"Logit(1, 1, 1, 1)","XGBoost(1, 1, 1, 1)"
0,0.8144939898421785,0.8712423317457009
1,0.8033361872976595,0.8875972991009077
2,0.7855989248269152,0.8473303814633873
3,0.7970410585879134,0.847646095538677
