,"Logit(1, 1, 1, 1)","XGBoost(1, 1, 1, 1)"
0,4.335574150103807,6.772497773535
1,5.231008824324369,7.251238284966859
2,3.3405042098708098,6.012477673366829
3,1.612636307308832,7.0368419574441345
