,"Logit(1, 1, 1, 1)","XGBoost(1, 1, 1, 1)"
0,0.9188571428571428,0.9916521739130434
1,0.9548322981366459,0.9995527950310559
2,0.9316106268161062,0.9759495641344956
3,0.9666493506493506,0.9944935064935064
