,"Logit(1, 1, 1, 1)","XGBoost(1, 1, 1, 1)"
0,7.900611136407656,8.117542657721065
1,7.569300899777791,7.979026490856352
2,7.222677687769853,7.661409034220534
3,7.4174928744072925,7.886411545217125
