,"Logit(1, 1, 1, 1)","XGBoost(1, 1, 1, 1)"
0,0.5339368870349698,0.8970563508663659
1,0.6835546856967933,0.9833350644314728
2,0.4324207808478528,0.7748246542667453
3,0.30294750016343985,0.9532383064090381
