,"Logit(1, 1, 1, 1)","XGBoost(1, 1, 1, 1)"
0,0.9717770432007294,0.9890345377863901
1,0.9889889433489114,0.9976290892511115
2,0.9651658497663286,0.965712983016072
3,0.9805539724153653,0.9743759261370113
