,"Logit(1, 1, 1, 1)","XGBoost(1, 1, 1, 1)"
0,0.17862386217137055,0.22146714753429522
1,0.15009136438282528,0.1437900937571944
2,0.13963737060250211,0.17340569749404766
3,0.20523994393683762,0.2573221177619064
