,"Logit(1, 1, 1, 1)","XGBoost(1, 1, 1, 1)"
0,3.729407569904909,5.257913272559986
1,2.7350047193781726,3.864454293376366
2,2.1616162394464884,3.998473752775651
3,4.3837302536609855,6.867135642685
