,"Logit(1, 1, 1, 1)","XGBoost(1, 1, 1, 1)"
0,0.7908959465523259,0.8149523857007528
1,0.7586295723853683,0.6809551112662245
2,0.7426280627272877,0.7861726810485264
3,0.7856625693176021,0.8033601553372497
