,"Logit(1, 1, 1, 1)","XGBoost(1, 1, 1, 1)"
0,0.9830833001633337,0.9843437601511636
1,0.9643479693097438,0.9682986306509098
2,0.9880176235639678,0.9820904877591263
3,0.9794551884742257,0.9758316519574874
