,"Logit(1, 1, 1, 1)","XGBoost(1, 1, 1, 1)"
0,22.123303222040303,21.96420657952972
1,21.3516442583442,21.287146950958718
2,22.345750883299907,22.41160406839355
3,21.66890575032465,21.82661580035496
