,"Logit(1, 1, 1, 1)","XGBoost(1, 1, 1, 1)"
0,0.9228042351416258,0.9146485258576169
1,0.8821261453096567,0.8688070880311377
2,0.917446317119965,0.9340476591892893
3,0.911559690708088,0.9008194595847039
