,"Logit(1, 1, 1, 1)","XGBoost(1, 1, 1, 1)"
0,6.161325091934523,5.056402623317238
1,1.7783685168439465,4.940716373329169
2,4.51349167855538,6.1753469657614515
3,3.9518721054138033,4.014645690360413
