,"Logit(1, 1, 1, 1)","XGBoost(1, 1, 1, 1)"
0,0.15605067093227773,0.12571040669474065
1,0.0744121093800526,0.11179401760912032
2,0.09846574607226062,0.14770410962587516
3,0.11201515902087192,0.11207876311040452
