,"Logit(1, 1, 1, 1)","XGBoost(1, 1, 1, 1)"
0,0.7960913632892058,0.7619009355906314
1,0.7016412614562119,0.7498090631364563
2,0.7330639002036659,0.7846081020875764
3,0.7739372428813424,0.7772919444457624
