,"Logit(1, 1, 0, 0)","XGBoost(1, 1, 0, 0)"
0,0.8398394241417497,0.5
1,0.874031007751938,0.5
2,0.7953646574909033,0.5
3,0.725743248999063,0.5
