,"Logit(1, 1, 0, 0)","XGBoost(1, 1, 0, 0)"
0,0.04978557257304381,0.007692307692307693
1,0.07724721754771376,0.007692307692307693
2,0.053196126839936145,0.007692307692307693
3,0.026379927356276704,0.007146783947223749
