,"Logit(1, 1, 0, 0)","XGBoost(1, 1, 0, 0)"
0,0.9203451709259874,0.9028021430942108
1,0.8701341804561186,0.8666255748897633
2,0.9212352532963219,0.949786854367007
3,0.9461683354813126,0.9401705165063944
