,"Logit(1, 1, 0, 0)","XGBoost(1, 1, 0, 0)"
0,3.136520196129474,2.773127919459465
1,3.2619354278043113,1.781851175321641
2,3.3577584905151907,3.039488731168292
3,3.1584071995971335,3.2278967110859673
