,"Logit(1, 1, 0, 0)","XGBoost(1, 1, 0, 0)"
0,0.7838530001178827,0.694910409053401
1,0.7168852410703761,0.7494091123423318
2,0.7346209203265487,0.7034985694556939
3,0.7440287157732806,0.6885448654822187
