,"Logit(1, 1, 0, 0)","XGBoost(1, 1, 0, 0)"
0,0.26488377231207744,0.25086913625848384
1,0.3026418008502217,0.3228636092386676
2,0.33720364608639947,0.30090812051798144
3,0.35906874813884815,0.3597914038737045
