,"Logit(1, 1, 0, 0)","XGBoost(1, 1, 0, 0)"
0,0.7314858036672155,0.7208068201361079
1,0.7123362460315511,0.731065414233731
2,0.7182712985938793,0.7492790184725668
3,0.6908298869589192,0.714543700027571
