,"Logit(1, 1, 0, 0)","XGBoost(1, 1, 0, 0)"
0,3.5227899211280316,3.4208419738194644
1,4.351079459024467,4.282723554277397
2,4.453145803997676,4.210737526681089
3,3.066993272211217,5.203633463339547
