,"Logit(1, 1, 0, 0)","XGBoost(1, 1, 0, 0)"
0,0.06273585788817816,0.08782719735538184
1,0.06877607038328025,0.07710972840878677
2,0.08904965024795265,0.09339659710443414
3,0.057829499581701686,0.07429594070601889
