,"Logit(1, 1, 0, 0)","XGBoost(1, 1, 0, 0)"
0,1.8868528072345416,2.1188567221452157
1,1.1919102183210708,0.9722690387617166
2,0.9828356756050685,1.697868243130886
3,2.0339483428782144,2.042841769991231
