,"Logit(1, 1, 0, 0)","XGBoost(1, 1, 0, 0)"
0,0.24278914165205517,0.11228220921609619
1,0.24523871393379904,0.15928295582045696
2,0.19025351048113776,0.09469868531460766
3,0.21680820141884774,0.17465890838664133
