,"Logit(1, 1, 0, 0)","XGBoost(1, 1, 0, 0)","Logit(1, 1, 1, 1)","XGBoost(1, 1, 1, 1)"
0,0.18013391329429013,0.24389126641140169,0.19625100821107536,0.18507307107251658
1,0.21172272167072106,0.17464294233044433,0.22609669576770414,0.17067428689584968
2,0.2865191491287543,0.2882104664643348,0.29438563202122403,0.18290972609613462
3,0.2770555505852686,0.47117049991154536,0.33734696556210225,0.30354044448920836
