,"Logit(1, 1, 1, 1)","XGBoost(1, 1, 1, 1)"
0,0.0,0.9871369406794797
1,0.0,0.8118306351156432
2,0.0,2.2533279132226784
3,0.0,1.0
