,"Logit(1, 1, 1, 1)","XGBoost(1, 1, 1, 1)"
0,0.730798133206771,0.5692137320044297
1,0.8571033064388546,0.6037810473026419
2,0.6218952697358013,0.8154564151241892
3,0.6392793253258369,0.6608953062441435
