,"Logit(1, 1, 1, 1)","XGBoost(1, 1, 1, 1)"
0,0.2409278992681691,0.6564946451267509
1,0.45678455993470773,0.6482340808322469
2,0.44078315916363076,0.6332456360599492
3,0.26472667136012606,0.5680608931687459
