,"Logit(1, 1, 1, 1)","XGBoost(1, 1, 1, 1)"
0,0.1720916839792736,0.15374563172678163
1,0.22960306427795474,0.18126404908585814
2,0.2923132856084514,0.14667133697377516
3,0.33569062880775324,0.37635099360806884
