,"Logit(1, 1, 1, 1)","XGBoost(1, 1, 1, 1)"
0,0.11944622015013455,0.0889014999731091
1,0.07742675151117301,0.10128337932518669
2,0.10303523422314999,0.10083748805530951
3,0.11013635562337933,0.09368184044703627
