,"Logit(1, 1, 1, 1)","XGBoost(1, 1, 1, 1)"
0,0.7263592364199201,0.6935825096157258
1,0.7092461107152899,0.7301372817182462
2,0.7181196581196582,0.6859112213950924
3,0.69255858836504,0.7218858560794045
