,"Logit(1, 1, 1, 1)","XGBoost(1, 1, 1, 1)"
0,1.1367577813245582,1.8097600521966135
1,1.5955865159858271,2.2956056612408964
2,3.0780462549015355,1.7108558377394545
3,1.295406265071451,2.2679329369541947
