,"Logit(1, 1, 1, 1)","XGBoost(1, 1, 1, 1)"
0,0.9226111258983231,0.9075725312749534
1,0.9421746073995209,0.9415091828586638
2,0.9229105669417088,0.933756986957679
3,0.9430396593026351,0.9476976310886346
