,"Logit(1, 1, 1, 1)","XGBoost(1, 1, 1, 1)"
0,0.060693281573613776,0.06160761734685696
1,0.061222723963765234,0.07068222557500994
2,0.09098997408897716,0.05133944569595743
3,0.056160221727370827,0.07023028483614681
