,"Logit(1, 1, 1, 1)","XGBoost(1, 1, 1, 1)"
0,0.7226666666666667,0.7497142857142857
1,0.7740952380952381,0.8045714285714286
2,0.7649523809523809,0.699047619047619
3,0.7653333333333333,0.6822857142857144
