,"Logit(1, 1, 1, 1)","XGBoost(1, 1, 1, 1)"
0,0.600764804249459,0.5528108400550855
1,0.7564061577808381,0.7119196340743655
2,0.6005527890721367,0.5789551829686144
3,0.5484033075974233,0.5958015441545982
