,"Logit(1, 1, 1, 1)","XGBoost(1, 1, 1, 1)"
0,2.401599967820723,2.1527124038291494
1,1.6203771372529376,1.8372506883366457
2,3.136689909044648,2.478729391024326
3,1.6722511505666344,2.1251499885844525
