,"Logit(1, 1, 1, 1)","XGBoost(1, 1, 1, 1)"
0,2.3327483100516866,6.292234028528852
1,4.404311027897622,7.257906686901638
2,2.869967101207706,6.324427160077395
3,1.0140098914067264,6.555463744284375
