,"Logit(1, 1, 1, 1)","XGBoost(1, 1, 1, 1)"
0,0.952558987803488,0.987073976974809
1,0.984087541319959,0.9971731448763251
2,0.957209620426308,0.9692921463581443
3,0.9752650176678445,0.9801208252593184
