,"Logit(1, 1, 1, 1)","XGBoost(1, 1, 1, 1)"
0,0.26936143538283264,0.8500452849497013
1,0.4584242278779208,0.9842947069034025
2,0.32807023957747394,0.8530079680079677
3,0.2022381800199766,0.9129655954860497
