,"Logit(1, 1, 1, 1)","XGBoost(1, 1, 1, 1)"
0,0.7598976134671023,0.8706488264875792
1,0.7382608652597317,0.8947072126165031
2,0.7322175043985117,0.8395321283611389
3,0.7332881061556095,0.8709129445618482
