,"Logit(1, 1, 1, 1)","XGBoost(1, 1, 1, 1)"
0,0.7543501022087052,0.8514691462664739
1,0.7249505575775705,0.8046317993717905
2,0.7452115318161623,0.8054417403037633
3,0.7435536686906584,0.8211729278767833
