,"Logit(1, 1, 1, 1)","XGBoost(1, 1, 1, 1)"
0,0.1336968584417074,0.12734993288704796
1,0.09143496632956866,0.10799220261855967
2,0.12376115231119732,0.1292288678183207
3,0.10618125784475903,0.10531372504141548
