,"Logit(1, 1, 1, 1)","XGBoost(1, 1, 1, 1)"
0,5.549042575970753,5.47216562020763
1,3.542733946766304,4.678394466282843
2,4.833702207724366,5.189307623469024
3,3.5284134203583504,4.050871421315041
