,"Logit(1, 1, 0, 0)","XGBoost(1, 1, 0, 0)"
0,0.26248551569812856,0.16101813843328347
1,0.30720660509724285,0.2249744056827705
2,0.32842106021568374,0.1864649178307155
3,0.3584232380626195,0.2566551951581783
