,"Logit(1, 1, 0, 0)","XGBoost(1, 1, 0, 0)"
0,2.0487176226999955,2.423820586246609
1,1.4811371941502471,1.6677482516619602
2,2.771007797008066,3.0007869342909665
3,1.569275873667408,1.6484508236032043
