,"Logit(1, 1, 0, 0)","XGBoost(1, 1, 0, 0)"
0,0.8393648156937193,0.5
1,0.8709856035437431,0.5
2,0.7958788166429362,0.5
3,0.7263395519209472,0.5
