,"Logit(1, 1, 0, 0)","XGBoost(1, 1, 0, 0)"
0,0.046602485052528855,0.007692307692307693
1,0.07520523262435494,0.007692307692307693
2,0.05365613474514401,0.007692307692307693
3,0.026440056056084963,0.007146783947223749
