,"Logit(1, 1, 0, 0)","XGBoost(1, 1, 0, 0)"
0,1.786690285874855,1.4702712452606903
1,2.233294436575227,2.1477996677963453
2,2.4485845937255752,3.190362171823578
3,2.2963046674569,3.7593182749129945
