,"Logit(1, 1, 0, 0)","XGBoost(1, 1, 0, 0)"
0,0.4924226188793844,0.6675644142907542
1,0.4534190050423191,0.6388915242776863
2,0.5401652811670318,0.6419799494885963
3,0.41953026929869053,0.5983914734317656
