,"Logit(1, 1, 0, 0)","XGBoost(1, 1, 0, 0)"
0,0.09343663127629967,0.08221164223225215
1,0.07557312768742314,0.06166144766300276
2,0.08617264026475212,0.07787458915289147
3,0.0803326839452808,0.06278389224555228
