,"Logit(1, 1, 0, 0)","XGBoost(1, 1, 0, 0)"
0,3.093504748759462,3.0517028795676335
1,3.1373109537257373,1.2851698037904478
2,3.345484659638719,3.1775549938999506
3,2.8649847075782353,2.578770465519299
