,"Logit(1, 1, 0, 0)","XGBoost(1, 1, 0, 0)"
0,0.7710067193209948,0.7457238005422611
1,0.6936475892962396,0.7245505717316987
2,0.7129442408209168,0.7167813627172768
3,0.7347316345498301,0.6915021006567101
