,"Logit(1, 1, 0, 0)","XGBoost(1, 1, 0, 0)"
0,1.7640098914067264,1.4463946303571862
1,0.8175293653079347,0.6487982101190621
2,2.4484591188793923,3.6201311827731435
3,2.5177825608059994,2.4484591188793923
