,"Logit(1, 1, 0, 0)","XGBoost(1, 1, 0, 0)"
0,0.8941642267766836,0.9083044982698962
1,0.9107000266169817,0.9066742081447964
2,0.9225113122171946,0.9344723183391004
3,0.9162563215331382,0.9456015437849348
