,"Logit(1, 1, 0, 0)","XGBoost(1, 1, 0, 0)"
0,0.2911772438439218,0.30448637286234576
1,0.2982864179801957,0.392684232486181
2,0.35949991902872913,0.37681145004199573
3,0.2778303733698907,0.4883534321091405
