,"Logit(1, 1, 0, 0)","XGBoost(1, 1, 0, 0)"
0,0.7328698130358942,0.7095873359048065
1,0.7147139031521019,0.733858001184734
2,0.7204108078301626,0.7517066446098704
3,0.6817810862972153,0.7122525503170665
