,"Logit(1, 1, 0, 0)","XGBoost(1, 1, 0, 0)"
0,3.4197518147877877,3.7590725636525497
1,3.636708323168262,4.726915010397293
2,4.10870327456155,3.9577255213040043
3,3.0014666933559426,5.241326400581119
