,"Logit(1, 1, 0, 0)","XGBoost(1, 1, 0, 0)"
0,2.106207187108022,1.9053882871864718
1,1.8157242527618078,2.70257705999635
2,1.4783862347156842,1.847627873579389
3,1.9570441297456906,2.3197714346459284
