,"Logit(1, 1, 0, 0)","XGBoost(1, 1, 0, 0)"
0,0.7032380952380953,0.7299047619047618
1,0.8575238095238096,0.8624761904761904
2,0.7782857142857144,0.750095238095238
3,0.8171428571428572,0.7641904761904762
