,"Logit(1, 1, 0, 0)","XGBoost(1, 1, 0, 0)"
0,0.061834179058469003,0.057887876977420975
1,0.05392003108636938,0.0569771296781926
2,0.06570552265777227,0.05715182360048802
3,0.053136659034842756,0.05756825107678344
