,"Logit(1, 1, 0, 0)","XGBoost(1, 1, 0, 0)"
0,0.5512366477883719,0.5292055981711155
1,0.5144600197808886,0.521976123453033
2,0.5482523711706229,0.5300913598092919
3,0.5012347205315479,0.525802330594441
