,"Logit(1, 1, 0, 0)","XGBoost(1, 1, 0, 0)"
0,0.2423411596191632,0.10776229894947514
1,0.24600359257226517,0.13225143304721831
2,0.19120327258036707,0.10027476982368896
3,0.21671773323089882,0.12202629567414974
