,"Logit(1, 1, 0, 0)","XGBoost(1, 1, 0, 0)"
0,6.086341990093014,4.307365222680626
1,5.765638221357753,3.475710356650408
2,3.5678994685649412,1.9854770459555777
3,5.306748459939516,4.551440476807126
