,"Logit(1, 1, 0, 0)","XGBoost(1, 1, 0, 0)"
0,6.261888142723773,6.9214698882560945
1,3.813873069590435,4.551677053997719
2,6.391679490712006,6.619178898699269
3,4.324314924429763,4.142888404626405
