,"Logit(1, 1, 0, 0)","XGBoost(1, 1, 0, 0)"
0,0.04921660164842207,0.007692307692307693
1,0.07377646018310255,0.007692307692307693
2,0.052799001987304396,0.007692307692307693
3,0.027036239134299568,0.007146783947223749
