,"Logit(1, 1, 0, 0)","XGBoost(1, 1, 0, 0)"
0,0.20600982532642403,0.19265665357904782
1,0.21664091412353778,0.23191816984973054
2,0.3636029021016279,0.2558641319928015
3,0.29952773040370206,0.3937996881434421
