,"Logit(1, 1, 0, 0)","XGBoost(1, 1, 0, 0)"
0,1.5345536264062778,1.807106805694504
1,2.119922572495164,2.261385617133067
2,3.0740070199031355,2.0362672593902786
3,2.515710472838468,3.8549723376719496
