,"Logit(1, 1, 0, 0)","XGBoost(1, 1, 0, 0)"
0,0.4916506258385269,0.6354332271108434
1,0.4563866798848205,0.5765924577488177
2,0.5409329672652667,0.6467676288738575
3,0.4289121400704404,0.5902275358466725
