,"Logit(1, 1, 0, 0)","XGBoost(1, 1, 0, 0)"
0,0.8622052728729147,0.8744471145474176
1,0.83879253299899,0.8770939992337966
2,0.848805419148121,0.921855953749173
3,0.8122619584139692,0.9041206047913187
