,"Logit(1, 1, 0, 0)","XGBoost(1, 1, 0, 0)"
0,0.9123796880185862,0.9094874591057798
1,0.8737850267886776,0.9118107249537717
2,0.9380886289283235,0.9325617130960643
3,0.9416080103103004,0.9211361157926045
