,"Logit(1, 1, 0, 0)","XGBoost(1, 1, 0, 0)"
0,0.7795001768242367,0.7172020511611459
1,0.7578023694447719,0.7333298950842861
2,0.6540209657776508,0.7132530752332282
3,0.7448678130444664,0.7167565976936479
