,"Logit(1, 1, 0, 0)","XGBoost(1, 1, 0, 0)"
0,3.2167002352337333,2.5791065948659875
1,2.9997245673639847,1.6247559148088644
2,3.182708191435341,3.0569416667626887
3,3.0444627693949027,3.436332364068325
