,"Logit(1, 1, 0, 0)","XGBoost(1, 1, 0, 0)"
0,0.5158730158730159,0.4713827838827838
1,0.3953492519668991,0.2560267857142857
2,0.5124495868581547,0.6933035714285714
3,0.7909297052154194,0.6587912087912087
