,"Logit(1, 1, 0, 0)","XGBoost(1, 1, 0, 0)"
0,1.751146832086206,1.4642630869047908
1,1.5,0.3333333333333333
2,1.9178134987528728,2.710404521763913
3,2.894939644978184,2.417813498752873
