,"Logit(1, 1, 0, 0)","XGBoost(1, 1, 0, 0)"
0,0.5524911469604564,0.5516304347826086
1,0.789383730080661,0.6755729883926814
2,0.6263419982639682,0.517086207684225
3,0.5357713920233906,0.688770615377587
