,"Logit(1, 1, 0, 0)","XGBoost(1, 1, 0, 0)"
0,0.005116239225224578,0.031044527321366467
1,0.134310274085202,0.04118610613157998
2,0.011077523100247982,0.009927334355355654
3,0.00784321959706804,0.06409700114073456
