,"Logit(1, 1, 0, 0)","XGBoost(1, 1, 0, 0)"
0,0.953125,0.9388020833333333
1,0.8567708333333333,0.87109375
2,0.9249999999999999,0.9657894736842106
3,0.9360119047619049,0.9434523809523809
