,"Logit(1, 1, 0, 0)","XGBoost(1, 1, 0, 0)"
0,7.764401648898691,7.626857490042393
1,7.460211077236091,8.221341279563859
2,9.067203603531734,7.1062514435477775
3,9.772036498250854,8.22023688828383
