,"Logit(1, 1, 0, 0)","XGBoost(1, 1, 0, 0)"
0,0.26573786378024467,0.24738133159417275
1,0.2519838169659007,0.24043446734040338
2,0.3325758571745634,0.211259673305777
3,0.3618167140438708,0.27545753631551756
