,"Logit(1, 1, 0, 0)","XGBoost(1, 1, 0, 0)"
0,3.476909597422486,4.120823025910017
1,5.592769940405131,4.722585849282049
2,4.3410699795384495,3.5087776277484712
3,3.0294740616117486,5.318242159038155
