,"Logit(1, 1, 0, 0)","XGBoost(1, 1, 0, 0)"
0,0.7311336592716344,0.7187185219762671
1,0.7097019875684839,0.6831246400074251
2,0.7277253928866833,0.6928287841191068
3,0.7035869864902122,0.7317452440033085
