,"Logit(1, 1, 0, 0)","XGBoost(1, 1, 0, 0)"
0,0.06217707048009803,0.0860983512061051
1,0.0689793918567422,0.05936095164716701
2,0.10369369720560709,0.06923533357189239
3,0.06313672991642531,0.07638392224237794
