,"Logit(1, 1, 0, 0)","XGBoost(1, 1, 0, 0)"
0,0.8950292786797978,0.9112656374767101
1,0.941043385680064,0.9266036731434655
2,0.8975246207080118,0.9409103007718925
3,0.9210806494543518,0.9187516635613522
