,"Logit(1, 1, 0, 0)","XGBoost(1, 1, 0, 0)"
0,1.265586558659729,2.8684798046461824
1,2.401457336136864,2.059037506313768
2,3.759446253522648,2.5885866425292114
3,1.886332412033778,2.4377108015862072
