,"Logit(1, 1, 0, 0)","XGBoost(1, 1, 0, 0)"
0,0.7238095238095239,0.7668571428571429
1,0.8335238095238096,0.8445714285714285
2,0.7603809523809524,0.7171428571428572
3,0.7946666666666667,0.7577142857142857
