,"Logit(1, 1, 0, 0)","XGBoost(1, 1, 0, 0)"
0,0.30515595262724515,0.2849375357674343
1,0.29287594630209274,0.36376490309042275
2,0.22638833470904743,0.28472241426333583
3,0.2933003043331486,0.40501811982907726
