,"Logit(1, 1, 0, 0)","XGBoost(1, 1, 0, 0)"
0,0.060832971987469425,0.05297103449655598
1,0.05320739714326456,0.05618330380706783
2,0.06602834305071784,0.06540006316922911
3,0.0534817610640199,0.05470030115916728
