,"Logit(1, 1, 0, 0)","XGBoost(1, 1, 0, 0)"
0,0.5469511952270573,0.5090639711329367
1,0.510140875431122,0.5226323163927774
2,0.5506584119496856,0.5538355586833028
3,0.5004263669101239,0.519140545749645
