,"Logit(1, 1, 0, 0)","XGBoost(1, 1, 0, 0)"
0,0.6829834183601894,0.877866598933628
1,0.8478651780968995,0.9265772087605735
2,0.5565096305462909,0.813517339949066
3,0.5523871597185436,0.8861973431052376
