,"Logit(1, 1, 0, 0)","XGBoost(1, 1, 0, 0)"
0,0.9221863354037267,0.9899627329192546
1,0.9655155279503106,0.9946832298136646
2,0.9302096305520963,0.9827729348277293
3,0.984987012987013,0.9919480519480519
