,"Logit(1, 1, 0, 0)","XGBoost(1, 1, 0, 0)"
0,8.110557094186229,7.472303014424362
1,7.59270796016871,8.03560097789128
2,7.548689071991528,8.090411359261264
3,7.638823587935912,7.419438880977183
