,"Logit(1, 1, 0, 0)","XGBoost(1, 1, 0, 0)"
0,0.8368766085299272,0.8410326901473304
1,0.8298603330034,0.9176761383930934
2,0.7942751352255808,0.8626701551177484
3,0.8124194514393488,0.8095829375830659
