,"Logit(1, 1, 0, 0)","XGBoost(1, 1, 0, 0)"
0,5.15409338981883,6.737929634431396
1,6.22715727248981,7.239624936798415
2,4.589352733128744,6.05566255269955
3,4.765150720139435,6.309088977178927
