,"Logit(1, 1, 0, 0)","XGBoost(1, 1, 0, 0)"
0,5.713096844115886,4.206368257336507
1,5.775872727715744,4.3638830397632535
2,3.3962929772298223,2.614192589668829
3,5.306644555199194,5.303642026748122
