,"Logit(1, 1, 0, 0)","XGBoost(1, 1, 0, 0)"
0,0.8282976849312792,0.6039745059912581
1,0.8311229662129598,0.5637474863306244
2,0.8189720425861019,0.4974124171068437
3,0.7886245084003882,0.7217628474107716
