,"Logit(1, 1, 0, 0)","XGBoost(1, 1, 0, 0)"
0,0.7991447619653766,0.7927937245417516
1,0.7457707484725051,0.7354657268329938
2,0.7692941700610997,0.7651739116598778
3,0.7728988828733074,0.7796652257741041
