,"Logit(1, 1, 0, 0)","XGBoost(1, 1, 0, 0)"
0,5.86853190489273,6.399911796075452
1,4.503100007356314,3.606887215823833
2,6.502480599321974,6.888997191754757
3,4.364064877650521,4.834395969476099
