,"Logit(1, 1, 0, 0)","XGBoost(1, 1, 0, 0)"
0,0.15330556861918904,0.1551925760282735
1,0.09877618701498368,0.09388261307799874
2,0.13958457514245332,0.13717581129315348
3,0.1177227562483383,0.11933115248454379
