,"Logit(1, 1, 1, 1)","XGBoost(1, 1, 1, 1)"
0,0.024169903294247758,0.1593661626512597
1,0.04889049778843463,0.2732354142665083
2,0.02628700281445643,0.21595794585649625
3,0.02081266699091039,0.08892573498218273
