,"Logit(1, 1, 1, 1)","XGBoost(1, 1, 1, 1)"
0,0.6695340927068503,0.7601052048726468
1,0.7972235405790223,0.7427424458155355
2,0.5964641670621738,0.7119126720455624
3,0.6310162705511542,0.653995229576625
