,"Logit(1, 1, 1, 1)","XGBoost(1, 1, 1, 1)"
0,0.0,1.528729421367803
1,0.0,2.1309297535714578
2,0.0,2.182644114926539
3,0.0,1.0
