,"Logit(1, 1, 1, 1)","XGBoost(1, 1, 1, 1)"
0,0.16894041118403913,0.1844438662241903
1,0.19670373822563272,0.1799554826434185
2,0.2908138534600865,0.2283778994030908
3,0.26161860638594686,0.35753041958442294
