,"Logit(1, 1, 1, 1)","XGBoost(1, 1, 1, 1)"
0,0.9120003793087099,0.8800436205016358
1,0.8831729173581149,0.8957849319615002
2,0.890353920888272,0.8574898384058689
3,0.9426985228511946,0.9454248042034301
