,"Logit(1, 1, 1, 1)","XGBoost(1, 1, 1, 1)"
0,1.2827653036259876,1.7842480458340462
1,1.8188125564699804,1.6029571888951857
2,2.7323909194284743,1.8321963320563521
3,2.08608772643801,3.3915821442413714
