,"Logit(1, 1, 1, 1)","XGBoost(1, 1, 1, 1)"
0,0.7482317576329129,0.7377431333254745
1,0.7493796416362137,0.7274077566898502
2,0.6764493365887199,0.7259458782260084
3,0.7326921620156981,0.7189155250476362
