,"Logit(1, 1, 1, 1)","XGBoost(1, 1, 1, 1)"
0,0.12501067751235442,0.07444767602163996
1,0.09274677555153348,0.056189182866650936
2,0.07874648269580108,0.07053568857080136
3,0.09272496711429232,0.08604496776938277
