,"Logit(1, 1, 1, 1)","XGBoost(1, 1, 1, 1)"
0,4.750844858339961,2.622970973865079
1,3.568318203304685,1.5532901979400515
2,2.9771417723705453,2.985920604301939
3,3.5899602246649556,3.5408190088214284
