,"Logit(1, 1, 1, 1)","XGBoost(1, 1, 1, 1)"
0,0.7210676632333728,0.8273858353841947
1,0.7807540285801156,0.858498023715415
2,0.7854667072058377,0.7872301611432045
3,0.7416463970811796,0.7590453025235634
