,"Logit(1, 1, 1, 1)","XGBoost(1, 1, 1, 1)"
0,4.067543023296319,5.011126040096888
1,6.94228495512076,5.623759779763353
2,5.865660019930614,5.2458822034843475
3,5.646043041942523,5.544594909269423
