,"Logit(1, 1, 1, 1)","XGBoost(1, 1, 1, 1)"
0,0.21081442163798467,0.2659056097183381
1,0.447166488036026,0.36633970739815075
2,0.33213815360556137,0.2661864373191367
3,0.3092376307557448,0.30837561233283955
