,"Logit(1, 1, 1, 1)","XGBoost(1, 1, 1, 1)"
0,0.7141843216579722,0.6956612534702602
1,0.6997491312406674,0.7217376824531088
2,0.7256492969396194,0.7486145574855252
3,0.668588365039978,0.7310862972153294
