,"Logit(1, 1, 1, 1)","XGBoost(1, 1, 1, 1)"
0,1.0535659104605273,2.2373025808257254
1,1.3132150212166316,2.7101246454917765
2,3.9199761765955,4.378355036673197
3,0.9951701804632931,1.6198369298808628
