,"Logit(1, 1, 1, 1)","XGBoost(1, 1, 1, 1)"
0,0.056915046539119774,0.07256666043618018
1,0.061875697872727634,0.08044127286029033
2,0.10428620346603246,0.11381211948324346
3,0.051979972572732736,0.07367916918541248
