,"Logit(1, 1, 1, 1)","XGBoost(1, 1, 1, 1)"
0,0.007397478363007253,0.03191295322963231
1,0.09377620451106645,0.028800780742983215
2,0.006458414005895729,0.010976311409741448
3,0.015984287499015457,0.04260406071349173
