,"Logit(1, 1, 1, 1)","XGBoost(1, 1, 1, 1)"
0,0.6027813299232736,0.5607048003147748
1,0.6868360220342318,0.6628959276018099
2,0.5454337795239618,0.5062131664306273
3,0.6213166430627256,0.5813536479510256
