,"Logit(1, 1, 1, 1)","XGBoost(1, 1, 1, 1)"
0,7.892596538731147,7.89630093734885
1,7.554851034906273,7.586362257421861
2,7.421998936196731,7.635575755457431
3,7.235009657430108,7.850715960073619
