,"Logit(1, 1, 1, 1)","XGBoost(1, 1, 1, 1)"
0,0.809783417343983,0.8418822809311981
1,0.8101598541924656,0.8608461862466321
2,0.8010516477902324,0.8160022300794599
3,0.8011158887307464,0.8342563580581446
