,"Logit(1, 1, 1, 1)","XGBoost(1, 1, 1, 1)"
0,0.9730992818876096,0.9844294996010488
1,0.9914966374102359,0.9963980394391885
2,0.9709335461073749,0.9573236065200046
3,0.9800524336031005,0.9784110338538698
