,"Logit(1, 1, 1, 1)","XGBoost(1, 1, 1, 1)"
0,0.5478293535599621,0.7583494241970206
1,0.7805274072158952,0.9822607103041885
2,0.6289582365416015,0.8112438198549171
3,0.5307417837358764,0.9630200308166408
