,"Logit(1, 1, 1, 1)","XGBoost(1, 1, 1, 1)"
0,4.639281826055504,6.163674916668634
1,5.4997581599084775,7.0368419574441345
2,4.77358047827855,6.317523230587299
3,4.724391244949606,7.264512206141087
