,"Logit(1, 1, 1, 1)","XGBoost(1, 1, 1, 1)"
0,0.9142857142857141,0.9838509316770185
1,0.9630310559006211,0.9995031055900621
2,0.947903694479037,0.9425072644250726
3,0.9833766233766233,0.995012987012987
