,"Logit(1, 1, 1, 1)","XGBoost(1, 1, 1, 1)"
0,0.7908460886473551,0.796812417942198
1,0.7075584583935782,0.7242234631300793
2,0.7749954748152901,0.771893666386928
3,0.788780832963091,0.81117638347238
