,"Logit(1, 1, 1, 1)","XGBoost(1, 1, 1, 1)"
0,4.273929417059754,4.879480271935369
1,3.071378578736481,3.3951176609648948
2,1.798586158240662,4.22826159433826
3,4.416993977622586,6.733009750283537
