,"Logit(1, 1, 1, 1)","XGBoost(1, 1, 1, 1)"
0,0.19606268594816403,0.20108389303650157
1,0.1345479656118874,0.1498015622512244
2,0.1463852122958417,0.17519115518543174
3,0.19957307992371492,0.25856579478588715
