,"Logit(1, 1, 1, 1)","XGBoost(1, 1, 1, 1)"
0,0.9334747847306406,0.933710682548663
1,0.8905237011035562,0.8880959173816794
2,0.9184649998189104,0.9173726483971765
3,0.9099899774289121,0.9049596792716699
