,"Logit(1, 1, 1, 1)","XGBoost(1, 1, 1, 1)"
0,22.272922695918215,22.123930525009776
1,21.372337789677402,21.376484357895
2,22.375869544986475,22.282796685162168
3,21.822511428157615,21.82739552149088
