,"Logit(1, 1, 1, 1)","XGBoost(1, 1, 1, 1)"
0,0.9864231759931555,0.9832525815410095
1,0.9674064720388341,0.9718169382031469
2,0.9882372318377095,0.9855367363465418
3,0.9729721692264756,0.971970206477529
