,"Logit(1, 1, 1, 1)","XGBoost(1, 1, 1, 1)"
0,5.710194157598788,6.073265350409871
1,2.446372262622409,4.874253813054825
2,4.569727936869292,6.305377202006942
3,4.952623451586263,5.097518417937499
