,"Logit(1, 1, 1, 1)","XGBoost(1, 1, 1, 1)"
0,0.13673914936978798,0.15202057489101223
1,0.08354861244415661,0.10790768539968812
2,0.10200339389405454,0.14941537384944426
3,0.13367485953238759,0.10891473622543937
