,"Logit(1, 1, 1, 1)","XGBoost(1, 1, 1, 1)"
0,0.7882183999490836,0.7990747517820773
1,0.728165574083503,0.751287232688391
2,0.7348348396130345,0.7811322556008147
3,0.7957562471628967,0.7692349667139584
