,"Logit(1, 1, 0, 0)","XGBoost(1, 1, 0, 0)"
0,0.7320536023825708,0.7228555361739648
1,0.7088066126711926,0.6869463621300096
2,0.7223269920044113,0.6925172318720707
3,0.6821781086297215,0.7233636614281775
