,"Logit(1, 1, 0, 0)","XGBoost(1, 1, 0, 0)"
0,2.3175643364546663,2.0794747681924552
1,1.2323909194284746,1.9607368902116387
2,2.019402211793056,2.1757978531949176
3,1.349712922619775,1.9053882871864718
