,"Logit(1, 1, 0, 0)","XGBoost(1, 1, 0, 0)"
0,0.3346335023606124,0.30900103952538815
1,0.20570916359276784,0.3413771757946978
2,0.24489547248424853,0.26316732584987956
3,0.2492902048552761,0.24706054636297275
