,"Logit(1, 1, 0, 0)","XGBoost(1, 1, 0, 0)"
0,4.636756620579419,3.5111295664186133
1,4.5540391695138105,4.6061263449668255
2,2.104720472377675,3.3358011947951893
3,5.303807351548263,5.478508300611213
