,"Logit(1, 1, 1, 1)","XGBoost(1, 1, 1, 1)"
0,0.042459155155694955,0.04802197802197802
1,0.07998187521981825,0.17216117216117216
2,0.048098065447639574,0.2064102564102564
3,0.02132773445175703,0.08897513531845994
