,"Logit(1, 1, 1, 1)","XGBoost(1, 1, 1, 1)"
0,0.8083175130517324,0.564625850340136
1,0.8790143964562569,0.6421847808890998
2,0.7366714127511469,0.8121341559879767
3,0.7081097197376267,0.6379589402845217
