,"Logit(1, 1, 1, 1)","XGBoost(1, 1, 1, 1)"
0,0.21348120584594038,0.1676673460270084
1,0.23324404727512188,0.22487986415416147
2,0.2737902943032011,0.34132300907483826
3,0.2950215282758627,0.3559541117178712
