,"Logit(1, 1, 1, 1)","XGBoost(1, 1, 1, 1)"
0,0.9260348015741312,0.8984875065193685
1,0.8907116779669052,0.921909819354227
2,0.9217309408149102,0.932784772479429
3,0.9486963418261128,0.9384851789431943
