,"Logit(1, 1, 1, 1)","XGBoost(1, 1, 1, 1)"
0,1.6597888008083663,1.470760507961564
1,2.2719722583753144,2.088007375932313
2,2.6364479886741248,2.861062003873736
3,3.044452526365701,3.158668499946718
