,"Logit(1, 1, 1, 1)","XGBoost(1, 1, 1, 1)"
0,0.12344303644564275,0.07359582134266672
1,0.09310930094409278,0.07224027006513653
2,0.10808505741445536,0.06536084044696881
3,0.09514516570643836,0.09551468001469181
