,"Logit(1, 1, 1, 1)","XGBoost(1, 1, 1, 1)"
0,0.7721884946363315,0.7955897088294235
1,0.7598152186726395,0.7767269833785218
2,0.7482300291935925,0.7480348225367542
3,0.7256618088373258,0.7637358475173792
