,"Logit(1, 1, 1, 1)","XGBoost(1, 1, 1, 1)"
0,4.300410558966781,1.7392806130951186
1,3.2713342328907222,1.6527008423541245
2,3.8776283539564935,2.092606025629107
3,3.491991232128721,3.4953826699096515
