,"Logit(1, 1, 1, 1)","XGBoost(1, 1, 1, 1)"
0,0.7344818156959256,0.818962112235287
1,0.7823350562480997,0.8849270294922469
2,0.8005168744299179,0.8024399513529948
3,0.7260641532380663,0.7782532684706598
