,"Logit(1, 1, 1, 1)","XGBoost(1, 1, 1, 1)"
0,0.2556229071151085,0.33842729895904994
1,0.4349498983066213,0.39333181633986275
2,0.3250932529196485,0.2870291291508693
3,0.32752225406690944,0.36576564346733603
