,"Logit(1, 1, 1, 1)","XGBoost(1, 1, 1, 1)"
0,4.522431040676999,5.534330689917911
1,7.357140531593276,6.0818414769311495
2,5.825813497134269,5.405406723387715
3,5.848363565313677,5.928388530499435
