,"Logit(1, 1, 1, 1)","XGBoost(1, 1, 1, 1)"
0,0.7298206247423751,0.7020012174914763
1,0.7142170792761657,0.7177412530334919
2,0.7195285359801489,0.7517066446098704
3,0.673132065067549,0.7377005789909017
