,"Logit(1, 1, 1, 1)","XGBoost(1, 1, 1, 1)"
0,0.06407248520227152,0.07691378620642493
1,0.06705383501784785,0.0746552120834578
2,0.08798637854980532,0.11026000885650965
3,0.051429179245616394,0.07557152647667448
