,"Logit(1, 1, 1, 1)","XGBoost(1, 1, 1, 1)"
0,1.5584923440984875,2.4586846609602575
1,1.9124043317866954,2.4351619967770604
2,3.049827454505593,3.649054434492921
3,1.15801243195468,2.3101114539021346
