,"Logit(1, 1, 1, 1)","XGBoost(1, 1, 1, 1)"
0,0.6014779657682471,0.6607933307102105
1,0.6623426126303364,0.6472924454062562
2,0.5776645803828406,0.4904289825939969
3,0.5142765772762575,0.6537758691580247
