,"Logit(1, 1, 1, 1)","XGBoost(1, 1, 1, 1)"
0,0.009123992809720026,0.03443014064375551
1,0.03143787360128986,0.03299588721065955
2,0.007214593601226503,0.007711646187606313
3,0.00785566485851705,0.08873191179893933
