,"Logit(1, 1, 1, 1)","XGBoost(1, 1, 1, 1)"
0,0.0,0.5
1,0.3562071871080222,0.6309297535714575
2,0.0,0.0
3,0.0,1.1065941916258226
