,"Logit(1, 1, 1, 1)","XGBoost(1, 1, 1, 1)"
0,3.5946712308580033,5.986786390500966
1,5.440251307932564,7.251767154669594
2,2.6051735777890332,6.101160464581936
3,0.8562071871080221,6.551433044077497
