,"Logit(1, 1, 1, 1)","XGBoost(1, 1, 1, 1)"
0,0.3709798939235112,0.8113947123242125
1,0.6489853249058313,0.9670527113070142
2,0.34311894836384665,0.8435484795472201
3,0.19877154616127884,0.9161539317737782
