,"Logit(1, 1, 1, 1)","XGBoost(1, 1, 1, 1)"
0,0.7907865874728717,0.8508834735136969
1,0.8340592342626884,0.9088663727330959
2,0.7745790363456585,0.8426534669936814
3,0.7437178811702915,0.8702044030111342
