,"Logit(1, 1, 1, 1)","XGBoost(1, 1, 1, 1)"
0,0.9444968944099379,0.986086956521739
1,0.9734658385093169,0.9988074534161491
2,0.9173931091739311,0.949304690743047
3,0.9435324675324674,0.9945974025974026
