,"Logit(1, 1, 1, 1)","XGBoost(1, 1, 1, 1)"
0,7.6687609082457495,7.892480182385228
1,7.199005191025297,8.058613490369643
2,7.394953073636813,7.846946258157376
3,7.130103110597581,8.11093243272083
