,"Logit(1, 1, 1, 1)","XGBoost(1, 1, 1, 1)"
0,0.9647782970477602,0.9862532771001938
1,0.9931152399407273,0.9974923059386754
2,0.9652570386412858,0.9745811011056651
3,0.9763364869485922,0.9736920095748319
