,"Logit(1, 1, 1, 1)","XGBoost(1, 1, 1, 1)"
0,0.7926659021787904,0.833079888983065
1,0.7928404048461885,0.8252521979026441
2,0.7506499810765003,0.7886697602474864
3,0.7798950157147323,0.8142946471178688
