,"Logit(1, 1, 1, 1)","XGBoost(1, 1, 1, 1)"
0,4.109390110087435,5.361534851000892
1,4.191191189133703,5.047032016001241
2,2.070123273732887,3.8087781710879165
3,4.7102920033637465,6.541765006125403
