,"Logit(1, 1, 1, 1)","XGBoost(1, 1, 1, 1)"
0,0.1844837517466062,0.24352424667235764
1,0.17128151410968875,0.22320712974048793
2,0.13939952008496165,0.1850203057834821
3,0.20942110307805242,0.25237880686236075
