,"Logit(1, 1, 1, 1)","XGBoost(1, 1, 1, 1)"
0,0.91698491666621,0.9198519820222931
1,0.8777157696177615,0.8710210694668057
2,0.8993786300949841,0.9241837291085169
3,0.8884494865591455,0.9003434042507505
