,"Logit(1, 1, 1, 1)","XGBoost(1, 1, 1, 1)"
0,0.9802970201902356,0.9844261132538168
1,0.9594456721156969,0.9691450375392893
2,0.9868212159893124,0.9775862305612364
3,0.9718512519959189,0.9823398346532706
