,"Logit(1, 1, 1, 1)","XGBoost(1, 1, 1, 1)"
0,22.120569533342767,22.120257256095414
1,21.196413190893136,21.47989038543694
2,22.11294888292487,22.551575388641247
3,21.21184644574083,21.66198542142918
