,"Logit(1, 1, 1, 1)","XGBoost(1, 1, 1, 1)"
0,5.7395762567726365,4.6745259263602685
1,3.5071009845733068,4.67938643703747
2,4.363836182797849,5.202489772319283
3,3.8504929657703064,5.008938778595463
