,"Logit(1, 1, 1, 1)","XGBoost(1, 1, 1, 1)"
0,0.14466132013696095,0.11926623928313174
1,0.09099296298080103,0.10858337117119865
2,0.09215580379715153,0.12057272195544444
3,0.10083914568841715,0.1206931584570727
