,"Logit(1, 1, 1, 1)","XGBoost(1, 1, 1, 1)"
0,0.7907228551425663,0.7767860552443991
1,0.7385795888492871,0.7456211812627291
2,0.7008146639511201,0.7530183935845215
3,0.7519015511342878,0.7694397917269675
