,"Logit(1, 1, 0, 0)","XGBoost(1, 1, 0, 0)"
0,0.8372290776775826,0.5
1,0.8648947951273533,0.5
2,0.7978563518430628,0.5
3,0.7301729278473466,0.5
