,"Logit(1, 1, 0, 0)","XGBoost(1, 1, 0, 0)"
0,0.049128470999297964,0.007692307692307693
1,0.07402066089788499,0.007692307692307693
2,0.052855325991454045,0.007692307692307693
3,0.0273050482755636,0.007146783947223749
