,"Logit(1, 1, 0, 0)","XGBoost(1, 1, 0, 0)"
0,0.863572249503709,0.9029446592135966
1,0.8381743461150002,0.8857486156096542
2,0.8756051265977084,0.9242764601400063
3,0.8046181172291296,0.9092150261127754
