,"Logit(1, 1, 0, 0)","XGBoost(1, 1, 0, 0)"
0,0.5040933337577086,0.6498397713763229
1,0.4566779243186755,0.616065796368272
2,0.5416435910144476,0.6278610496250159
3,0.4264593536568268,0.634237506370099
