,"Logit(1, 1, 0, 0)","XGBoost(1, 1, 0, 0)"
0,2.945626753061341,2.0872940641765503
1,2.7703153797604383,1.260496199314227
2,3.253915353742908,2.867757997671138
3,3.2305299296923597,3.3857219866059043
