,"Logit(1, 1, 0, 0)","XGBoost(1, 1, 0, 0)"
0,0.09508182436009902,0.06430680666546448
1,0.08445589333197911,0.05377216378891418
2,0.0748558942024303,0.0740581919461863
3,0.0865902766645756,0.08205033704924095
