,"Logit(1, 1, 0, 0)","XGBoost(1, 1, 0, 0)"
0,0.5482367696242376,0.5960677749360613
1,0.7848096596498131,0.6124213063151682
2,0.6250399744163735,0.5235734843985563
3,0.5509845127689708,0.637466307277628
