,"Logit(1, 1, 0, 0)","XGBoost(1, 1, 0, 0)"
0,0.005054030886404217,0.0220002261283114
1,0.13349837630458228,0.01728418496752531
2,0.011504538558588618,0.009549149438626867
3,0.008556836941794103,0.04113686095635231
