,"Logit(1, 1, 0, 0)","XGBoost(1, 1, 0, 0)"
0,0.0,0.38685280723454163
1,1.4306765580733931,0.3333333333333333
2,0.0,0.0
3,0.0,0.5680077719690177
