,"Logit(1, 1, 0, 0)","XGBoost(1, 1, 0, 0)"
0,0.2629950561316633,0.2204262491218773
1,0.2542377267178808,0.21073015807065337
2,0.33311672462307457,0.23825703304663876
3,0.363113957673652,0.27763717455148157
