,"Logit(1, 1, 0, 0)","XGBoost(1, 1, 0, 0)"
0,3.679864826522154,4.412727769380659
1,5.5835784135957,4.610484536311673
2,4.089458329124817,4.184672341425454
3,3.0261932203349744,4.782022631447441
