,"Logit(1, 1, 0, 0)","XGBoost(1, 1, 0, 0)"
0,0.7318870844900867,0.7130446295249872
1,0.7032569261888968,0.6987309152751503
2,0.727695064791839,0.7188254755996691
3,0.6890488006617039,0.7405252274607115
