,"Logit(1, 1, 0, 0)","XGBoost(1, 1, 0, 0)"
0,1.9306765580733931,2.122398159651221
1,0.7890648263178879,2.2309750446389582
2,1.3272261749011165,1.9177404610503657
3,1.6265326430973102,1.9242149590770399
