,"Logit(1, 1, 0, 0)","XGBoost(1, 1, 0, 0)"
0,0.7226666666666668,0.7820952380952382
1,0.7619047619047619,0.84
2,0.7737142857142857,0.7550476190476191
3,0.7794285714285714,0.715047619047619
