,"Logit(1, 1, 0, 0)","XGBoost(1, 1, 0, 0)"
0,2.3320504083547684,1.819555008905524
1,1.3275450998439777,1.7881034283654356
2,2.986707654681825,3.077298426865995
3,1.7494572600049414,1.3278716440691811
