,"Logit(1, 1, 0, 0)","XGBoost(1, 1, 0, 0)"
0,0.8401404855376919,0.831979037259325
1,0.8165702121882333,0.9016808295835635
2,0.7933846836440198,0.8421463078079574
3,0.815034322844863,0.8051570036123817
