,"Logit(1, 1, 0, 0)","XGBoost(1, 1, 0, 0)"
0,5.1336099311407635,6.625622834619653
1,5.988231237431182,7.248059190206787
2,4.9831691615711335,6.046420923947962
3,4.792391341809991,6.518789809072193
