,"Logit(1, 1, 0, 0)","XGBoost(1, 1, 0, 0)"
0,0.8280733243589105,0.5676779511724918
1,0.8304415748450251,0.6882177460903093
2,0.8195479751855326,0.6134998601306545
3,0.7887067844860212,0.6483602376133353
