,"Logit(1, 1, 0, 0)","XGBoost(1, 1, 0, 0)"
0,6.083363253294671,4.217016102214835
1,5.769946008097755,4.0275053379627295
2,3.2429249323788496,3.581105958570265
3,5.154947105273892,4.3159813989519105
