,"Logit(1, 1, 0, 0)","XGBoost(1, 1, 0, 0)"
0,0.20099750779685036,0.16776219130335568
1,0.2150415981646896,0.2404652001299611
2,0.29464340240804593,0.27230434403872034
3,0.29919974506516644,0.3333527938362549
