,"Logit(1, 1, 0, 0)","XGBoost(1, 1, 0, 0)"
0,0.10535686730461562,0.0777762332643132
1,0.08948004391733076,0.052294754848442745
2,0.06772502603795895,0.061834927084709564
3,0.08451374002261486,0.0870894298938012
