,"Logit(1, 1, 0, 0)","XGBoost(1, 1, 0, 0)"
0,3.290969922570651,2.8606293787228414
1,2.8063963935147154,1.2835202032999578
2,3.1111403282960746,2.270779895634965
3,3.196624886288243,3.7263135030335643
