,"Logit(1, 1, 0, 0)","XGBoost(1, 1, 0, 0)"
0,2.1202170785147487,1.4463946303571862
1,1.5,0.3333333333333333
2,1.894939644978184,3.5666117088719353
3,2.8739897479140217,2.5177825608059994
