,"Logit(1, 1, 0, 0)","XGBoost(1, 1, 0, 0)"
0,0.7280873689682058,0.7432931935660861
1,0.7674600768142309,0.7499981951543504
2,0.7640272603886916,0.7445728291316527
3,0.7433163369514473,0.8233689309056955
