,"Logit(1, 1, 0, 0)","XGBoost(1, 1, 0, 0)"
0,0.7340627362984438,0.7191198027991385
1,0.7071086761281588,0.7346933204486701
2,0.7303804797353185,0.7197022332506203
3,0.689633305762338,0.6947642679900744
