,"Logit(1, 1, 0, 0)","XGBoost(1, 1, 0, 0)"
0,1.446403772842035,1.7394956047558052
1,2.3351295975729336,1.6254547048383838
2,3.6695864459938012,3.2990540554254055
3,1.0949963681534876,2.1785705597439873
