,"Logit(1, 1, 0, 0)","XGBoost(1, 1, 0, 0)"
0,0.3057606055023007,0.30190118679256034
1,0.2549738347605049,0.4034544376721287
2,0.36068183671201576,0.3486487939149727
3,0.29260505885266913,0.5384658546272947
