,"Logit(1, 1, 0, 0)","XGBoost(1, 1, 0, 0)"
0,0.8952621772690977,0.905842427468725
1,0.9126297577854671,0.9229105669417088
2,0.9186851211072664,0.9315610859728507
3,0.9200159701889805,0.9377162629757786
