,"Logit(1, 1, 0, 0)","XGBoost(1, 1, 0, 0)"
0,3.5271361956974343,3.7573221743031877
1,2.722482884511158,4.601934687331704
2,3.935262525810137,3.648287568696976
3,3.0371486719898035,5.934994269525982
