,"Logit(1, 1, 0, 0)","XGBoost(1, 1, 0, 0)"
0,2.180676558073393,1.52665942644392
1,1.200914712500713,2.35056327588259
2,1.2412548817964368,2.094988969245543
3,2.0932710900849947,2.1390948765725355
