,"Logit(1, 1, 0, 0)","XGBoost(1, 1, 0, 0)"
0,0.30843873197354826,0.23482765094622984
1,0.22795410353963994,0.3948802801858776
2,0.22819533506732237,0.265397197444009
3,0.3174278885972897,0.30001258496246225
