,"Logit(1, 1, 0, 0)","XGBoost(1, 1, 0, 0)"
0,0.9790949504160493,0.9914282457540179
1,0.9912230707853642,0.9976290892511114
2,0.974284737262054,0.9642767582354953
3,0.9777271172916905,0.9749002621680155
