,"Logit(1, 1, 0, 0)","XGBoost(1, 1, 0, 0)"
0,5.041295121520077,6.506887801025834
1,6.2370047691846615,7.033133992981328
2,4.684729123590112,6.308281601835711
3,4.734505100012916,6.77399687341144
