,"Logit(1, 1, 0, 0)","XGBoost(1, 1, 0, 0)"
0,0.828222898073823,0.5803709428129831
1,0.8280733243589105,0.7088630735736483
2,0.8134842276743841,0.6622031890210791
3,0.7966381991410376,0.6071851705583255
