,"Logit(1, 1, 0, 0)","XGBoost(1, 1, 0, 0)"
0,4.928681590689052,4.349663796895376
1,5.258213585077747,4.3804234646613045
2,3.3420542452094884,2.970982623042716
3,5.34387698834797,5.382262935608461
