,"Logit(1, 1, 0, 0)","XGBoost(1, 1, 0, 0)"
0,6.307965985459244,6.349905813226746
1,4.185889929897283,3.72134313043481
2,6.7253125515465575,7.30329992409657
3,4.667285881613551,3.2714609955552554
