,"Logit(1, 1, 0, 0)","XGBoost(1, 1, 0, 0)"
0,0.1566756878450949,0.153917078040681
1,0.09765638095354405,0.0972091934935059
2,0.14101272130710368,0.15238687020088162
3,0.11885329963463623,0.08651888926612172
