,"Logit(1, 1, 0, 0)","XGBoost(1, 1, 0, 0)"
0,0.5267311191224234,0.4423934435447593
1,0.34373168498168494,0.2625964809000523
2,0.5184185606060606,0.9260416666666667
3,0.714935064935065,0.6763227513227512
