,"Logit(1, 1, 0, 0)","XGBoost(1, 1, 0, 0)"
0,1.4397761202200396,2.780602349570819
1,2.9133288312756807,2.9890558171695707
2,3.546201370725126,3.649054434492921
3,1.5513810219073523,2.1803216971851835
