,"Logit(1, 1, 0, 0)","XGBoost(1, 1, 0, 0)"
0,0.5660166240409207,0.6331029903600236
1,0.7717268345465276,0.6626254180602007
2,0.601215222257755,0.5002512677600621
3,0.5440175430581571,0.6675499109141578
