,"Logit(1, 1, 0, 0)","XGBoost(1, 1, 0, 0)"
0,2.333928550265236,1.8923430371684256
1,1.4660246664244883,1.8455440802887173
2,3.0490529707036025,2.8161782857976614
3,1.7882103760585353,2.650534838112859
